2025-12-28 21:35:54 - INFO - 
Загружено 8 базовых станций для CoverageMap:
2025-12-28 21:35:54 - INFO -   SITE-01-G1: (500, 500), 900 MHz, 0.6 MHz, сектор 0°
2025-12-28 21:35:54 - INFO -   SITE-01-G2: (500, 500), 900 MHz, 0.4 MHz, сектор 120°
2025-12-28 21:35:54 - INFO -   SITE-01-G3: (500, 500), 900 MHz, 0.4 MHz, сектор 240°
2025-12-28 21:35:54 - INFO -   SITE-01-N1: (500, 500), 3500 MHz, 100.0 MHz, сектор 15°
2025-12-28 21:35:54 - INFO -   SITE-01-N2: (500, 500), 3500 MHz, 80.0 MHz, сектор 135°
2025-12-28 21:35:54 - INFO -   SITE-01-N3: (500, 500), 3500 MHz, 100.0 MHz, сектор 255°
2025-12-28 21:35:54 - INFO -   SITE-02-G1: (150, 850), 1800 MHz, 0.2 MHz, сектор 45°
2025-12-28 21:35:54 - INFO -   SITE-02-G2: (150, 850), 1800 MHz, 0.2 MHz, сектор 225°
2025-12-28 21:35:54 - INFO - 
Создание карты покрытия...
2025-12-28 21:35:55 - INFO - Карта покрытия создана. Запуск симуляции с Event A3 handover...
2025-12-28 21:35:55 - INFO - Прошло 100 секунд...
2025-12-28 21:35:55 - INFO - Прошло 200 секунд...
2025-12-28 21:35:55 - INFO - Прошло 300 секунд...
2025-12-28 21:35:55 - INFO - 📍 [RESELECTION] Мария: SITE-02-G1 -> SITE-01-N1 (Idle)
2025-12-28 21:35:55 - INFO - Прошло 400 секунд...
2025-12-28 21:35:55 - INFO - Прошло 500 секунд...
2025-12-28 21:35:55 - INFO - 📍 [RESELECTION] Иван: SITE-02-G1 -> SITE-01-N1 (Idle)
2025-12-28 21:35:55 - INFO - Прошло 600 секунд...
2025-12-28 21:35:55 - INFO - Прошло 700 секунд...
2025-12-28 21:35:55 - INFO - 📍 [RESELECTION] Мария: SITE-01-G1 -> SITE-01-N1 (Idle)
2025-12-28 21:35:55 - INFO - Прошло 800 секунд...
2025-12-28 21:35:55 - INFO - 📍 [RESELECTION] Иван: SITE-01-G1 -> SITE-01-N1 (Idle)
2025-12-28 21:35:55 - INFO - Прошло 900 секунд...
2025-12-28 21:35:55 - INFO - Прошло 1000 секунд...
2025-12-28 21:35:55 - INFO - 📍 [RESELECTION] Иван: SITE-01-G1 -> SITE-01-N1 (Idle)
2025-12-28 21:35:55 - INFO - Прошло 1100 секунд...
2025-12-28 21:35:55 - INFO - 📍 [RESELECTION] Мария: SITE-01-G1 -> SITE-01-N1 (Idle)
2025-12-28 21:35:55 - INFO - Прошло 1200 секунд...
2025-12-28 21:35:55 - INFO - Прошло 1300 секунд...
2025-12-28 21:35:55 - INFO - 📍 [RESELECTION] Иван: SITE-01-G1 -> SITE-01-N1 (Idle)
2025-12-28 21:35:55 - INFO - Прошло 1400 секунд...
2025-12-28 21:35:55 - INFO - Прошло 1500 секунд...
2025-12-28 21:35:55 - INFO - 📍 [RESELECTION] Мария: SITE-01-G1 -> SITE-01-N1 (Idle)
2025-12-28 21:35:55 - INFO - Прошло 1600 секунд...
2025-12-28 21:35:55 - INFO - 📍 [RESELECTION] Иван: SITE-01-G1 -> SITE-01-N1 (Idle)
2025-12-28 21:35:55 - INFO - Прошло 1700 секунд...
2025-12-28 21:35:55 - INFO - Прошло 1800 секунд...
2025-12-28 21:35:55 - INFO - 📍 [RESELECTION] Мария: SITE-01-G1 -> SITE-01-N1 (Idle)
2025-12-28 21:35:55 - INFO - 📍 [RESELECTION] Иван: SITE-01-G1 -> SITE-01-N1 (Idle)
2025-12-28 21:35:55 - INFO - Прошло 1900 секунд...
2025-12-28 21:35:55 - INFO - Прошло 2000 секунд...
2025-12-28 21:35:55 - INFO - Прошло 2100 секунд...
2025-12-28 21:35:55 - INFO - Прошло 2200 секунд...
2025-12-28 21:35:55 - INFO - 📍 [RESELECTION] Иван: SITE-01-G1 -> SITE-01-N1 (Idle)
2025-12-28 21:35:55 - INFO - Прошло 2300 секунд...
2025-12-28 21:35:55 - INFO - 📍 [RESELECTION] Мария: SITE-01-G1 -> SITE-01-N1 (Idle)
2025-12-28 21:35:55 - INFO - Прошло 2400 секунд...
2025-12-28 21:35:55 - INFO - Прошло 2500 секунд...
2025-12-28 21:35:55 - INFO - 📍 [RESELECTION] Иван: SITE-02-G1 -> SITE-01-N1 (Idle)
2025-12-28 21:35:55 - INFO - Прошло 2600 секунд...
2025-12-28 21:35:55 - INFO - 📍 [RESELECTION] Мария: SITE-01-G1 -> SITE-01-N1 (Idle)
2025-12-28 21:35:55 - INFO - Прошло 2700 секунд...
2025-12-28 21:35:55 - INFO - Прошло 2800 секунд...
2025-12-28 21:35:55 - INFO - 📍 [RESELECTION] Иван: SITE-02-G1 -> SITE-01-N1 (Idle)
2025-12-28 21:35:55 - INFO - Прошло 2900 секунд...
2025-12-28 21:35:55 - INFO - 📍 [RESELECTION] Мария: SITE-01-G1 -> SITE-01-N1 (Idle)
2025-12-28 21:35:55 - INFO - 📍 [RESELECTION] Иван: SITE-01-G1 -> SITE-01-N1 (Idle)
2025-12-28 21:35:55 - INFO - Прошло 3000 секунд...
2025-12-28 21:35:55 - INFO - Прошло 3100 секунд...
2025-12-28 21:35:55 - INFO - 📍 [RESELECTION] Иван: SITE-01-G1 -> SITE-01-N1 (Idle)
2025-12-28 21:35:55 - INFO - Прошло 3200 секунд...
2025-12-28 21:35:55 - INFO - 📍 [RESELECTION] Мария: SITE-01-G1 -> SITE-01-N1 (Idle)
2025-12-28 21:35:55 - INFO - Прошло 3300 секунд...
2025-12-28 21:35:55 - INFO - Прошло 3400 секунд...
2025-12-28 21:35:55 - INFO - Прошло 3500 секунд...
2025-12-28 21:35:55 - INFO - 📍 [RESELECTION] Иван: SITE-01-G1 -> SITE-01-N1 (Idle)
2025-12-28 21:35:55 - INFO - 
========================================
2025-12-28 21:35:55 - INFO - --- ДЕТАЛЬНЫЙ ОТЧЕТ СЕТИ ---
2025-12-28 21:35:55 - INFO - Всего попыток звонков: 23
2025-12-28 21:35:55 - INFO - Успешных соединений:   23
2025-12-28 21:35:55 - INFO - ----------------------------------------
2025-12-28 21:35:55 - INFO - МОБИЛЬНОСТЬ АБОНЕНТОВ:
2025-12-28 21:35:55 - INFO - 🔄 Active Handovers (во время звонка): 0
2025-12-28 21:35:55 - INFO - 📍 Idle Reselections (в ожидании):    21
2025-12-28 21:35:55 - INFO - ----------------------------------------
2025-12-28 21:35:55 - INFO - ПРИЧИНЫ НЕУДАЧ:
2025-12-28 21:35:55 - INFO -  - Перегрузка вышек: 0 (0.00%)
2025-12-28 21:35:55 - INFO -  - Нехватка средств: 0 (0.00%)
2025-12-28 21:35:55 - INFO - ----------------------------------------
2025-12-28 21:35:55 - INFO - Общий Grade of Service: 0.00%
2025-12-28 21:35:55 - INFO - ========================================
2025-12-28 21:35:55 - INFO - 
--- ТРАССИРОВКА ДЛЯ Иван ---
2025-12-28 21:35:55 - INFO - Шаг    | БС           | RSRP     | Событие
2025-12-28 21:35:55 - INFO - -------------------------------------------------------
2025-12-28 21:35:55 - INFO - 93     | SITE-02-G1   | -85.9    |
2025-12-28 21:35:55 - INFO - 94     | SITE-02-G1   | -85.8    |
2025-12-28 21:35:55 - INFO - 95     | SITE-02-G1   | -85.8    |
2025-12-28 21:35:55 - INFO - 96     | SITE-02-G1   | -85.8    |
2025-12-28 21:35:55 - INFO - 97     | SITE-02-G1   | -85.7    |
2025-12-28 21:35:55 - INFO - 98     | SITE-02-G1   | -85.7    |
2025-12-28 21:35:55 - INFO - 99     | SITE-02-G1   | -85.7    |
2025-12-28 21:35:55 - INFO - 100    | SITE-02-G1   | -85.6    |
2025-12-28 21:35:55 - INFO - 101    | SITE-02-G1   | -85.6    |
2025-12-28 21:35:55 - INFO - 102    | SITE-02-G1   | -85.6    |
2025-12-28 21:35:55 - INFO - 103    | SITE-02-G1   | -85.5    |
2025-12-28 21:35:55 - INFO - 104    | SITE-02-G1   | -85.5    |
2025-12-28 21:35:55 - INFO - 105    | SITE-02-G1   | -85.5    |
2025-12-28 21:35:55 - INFO - 106    | SITE-02-G1   | -85.4    |
2025-12-28 21:35:55 - INFO - 107    | SITE-02-G1   | -85.4    |
2025-12-28 21:35:55 - INFO - 108    | SITE-02-G1   | -85.3    |
2025-12-28 21:35:55 - INFO - 109    | SITE-02-G1   | -85.3    |
2025-12-28 21:35:55 - INFO - 110    | SITE-02-G1   | -85.3    |
2025-12-28 21:35:55 - INFO - 111    | SITE-02-G1   | -85.2    |
2025-12-28 21:35:55 - INFO - 112    | SITE-02-G1   | -85.2    |
2025-12-28 21:35:55 - INFO - 113    | SITE-02-G1   | -85.2    |
2025-12-28 21:35:55 - INFO - 114    | SITE-02-G1   | -85.1    |
2025-12-28 21:35:55 - INFO - 115    | SITE-02-G1   | -85.1    |
2025-12-28 21:35:55 - INFO - 116    | SITE-02-G1   | -85.1    |
2025-12-28 21:35:55 - INFO - 117    | SITE-02-G1   | -85.0    |
2025-12-28 21:35:55 - INFO - 118    | SITE-02-G1   | -85.0    |
2025-12-28 21:35:55 - INFO - 119    | SITE-02-G1   | -84.9    |
2025-12-28 21:35:55 - INFO - 120    | SITE-02-G1   | -84.9    |
2025-12-28 21:35:55 - INFO - 121    | SITE-02-G1   | -84.9    |
2025-12-28 21:35:55 - INFO - 122    | SITE-02-G1   | -84.8    |
2025-12-28 21:35:55 - INFO - 123    | SITE-02-G1   | -84.8    |
2025-12-28 21:35:55 - INFO - 124    | SITE-02-G1   | -84.8    |
2025-12-28 21:35:55 - INFO - 125    | SITE-02-G1   | -84.7    |
2025-12-28 21:35:55 - INFO - 126    | SITE-02-G1   | -84.7    |
2025-12-28 21:35:55 - INFO - 127    | SITE-02-G1   | -84.6    |
2025-12-28 21:35:55 - INFO - 128    | SITE-02-G1   | -84.6    |
2025-12-28 21:35:55 - INFO - 129    | SITE-02-G1   | -84.6    |
2025-12-28 21:35:55 - INFO - 130    | SITE-02-G1   | -84.5    |
2025-12-28 21:35:55 - INFO - 131    | SITE-02-G1   | -84.5    |
2025-12-28 21:35:55 - INFO - 132    | SITE-02-G1   | -84.4    |
2025-12-28 21:35:55 - INFO - 133    | SITE-02-G1   | -84.4    |
2025-12-28 21:35:55 - INFO - 134    | SITE-02-G1   | -84.4    |
2025-12-28 21:35:55 - INFO - 135    | SITE-02-G1   | -84.3    |
2025-12-28 21:35:55 - INFO - 136    | SITE-02-G1   | -84.3    |
2025-12-28 21:35:55 - INFO - 137    | SITE-02-G1   | -84.2    |
2025-12-28 21:35:55 - INFO - 138    | SITE-02-G1   | -84.2    |
2025-12-28 21:35:55 - INFO - 139    | SITE-02-G1   | -84.2    |
2025-12-28 21:35:55 - INFO - 140    | SITE-02-G1   | -84.1    |
2025-12-28 21:35:55 - INFO - 141    | SITE-02-G1   | -84.1    |
2025-12-28 21:35:55 - INFO - 142    | SITE-02-G1   | -84.0    |
2025-12-28 21:35:55 - INFO - 143    | SITE-02-G1   | -84.0    |
2025-12-28 21:35:55 - INFO - 144    | SITE-02-G1   | -84.0    |
2025-12-28 21:35:55 - INFO - 145    | SITE-02-G1   | -83.9    |
2025-12-28 21:35:55 - INFO - 146    | SITE-02-G1   | -83.9    |
2025-12-28 21:35:55 - INFO - 147    | SITE-02-G1   | -83.8    |
2025-12-28 21:35:55 - INFO - 148    | SITE-02-G1   | -83.8    |
2025-12-28 21:35:55 - INFO - 149    | SITE-02-G1   | -83.7    |
2025-12-28 21:35:55 - INFO - 150    | SITE-02-G1   | -83.7    |
2025-12-28 21:35:55 - INFO - 151    | SITE-02-G1   | -83.7    |
2025-12-28 21:35:55 - INFO - 152    | SITE-02-G1   | -83.6    |
2025-12-28 21:35:55 - INFO - 153    | SITE-02-G1   | -83.6    |
2025-12-28 21:35:55 - INFO - 154    | SITE-02-G1   | -83.5    |
2025-12-28 21:35:55 - INFO - 155    | SITE-02-G1   | -83.5    |
2025-12-28 21:35:55 - INFO - 156    | SITE-02-G1   | -83.4    |
2025-12-28 21:35:55 - INFO - 157    | SITE-02-G1   | -83.4    |
2025-12-28 21:35:55 - INFO - 158    | SITE-02-G1   | -83.4    |
2025-12-28 21:35:55 - INFO - 159    | SITE-02-G1   | -83.3    |
2025-12-28 21:35:55 - INFO - 160    | SITE-02-G1   | -83.3    |
2025-12-28 21:35:55 - INFO - 161    | SITE-02-G1   | -83.2    |
2025-12-28 21:35:55 - INFO - 162    | SITE-02-G1   | -83.2    |
2025-12-28 21:35:55 - INFO - 163    | SITE-02-G1   | -83.1    |
2025-12-28 21:35:55 - INFO - 164    | SITE-02-G1   | -83.1    |
2025-12-28 21:35:55 - INFO - 165    | SITE-02-G1   | -83.0    |
2025-12-28 21:35:55 - INFO - 166    | SITE-02-G1   | -83.0    |
2025-12-28 21:35:55 - INFO - 167    | SITE-02-G1   | -83.0    |
2025-12-28 21:35:55 - INFO - 168    | SITE-02-G1   | -82.9    |
2025-12-28 21:35:55 - INFO - 169    | SITE-02-G1   | -82.9    |
2025-12-28 21:35:55 - INFO - 170    | SITE-02-G1   | -82.8    |
2025-12-28 21:35:55 - INFO - 171    | SITE-02-G1   | -82.8    |
2025-12-28 21:35:55 - INFO - 172    | SITE-02-G1   | -82.7    |
2025-12-28 21:35:55 - INFO - 173    | SITE-02-G1   | -82.7    |
2025-12-28 21:35:55 - INFO - 174    | SITE-02-G1   | -82.6    |
2025-12-28 21:35:55 - INFO - 175    | SITE-02-G1   | -82.6    |
2025-12-28 21:35:55 - INFO - 176    | SITE-02-G1   | -82.5    |
2025-12-28 21:35:55 - INFO - 177    | SITE-02-G1   | -82.5    |
2025-12-28 21:35:55 - INFO - 178    | SITE-02-G1   | -82.4    |
2025-12-28 21:35:55 - INFO - 179    | SITE-02-G1   | -82.4    |
2025-12-28 21:35:55 - INFO - 180    | SITE-02-G1   | -82.3    |
2025-12-28 21:35:55 - INFO - 181    | SITE-02-G1   | -82.3    |
2025-12-28 21:35:55 - INFO - 182    | SITE-02-G1   | -82.2    |
2025-12-28 21:35:55 - INFO - 183    | SITE-02-G1   | -82.2    |
2025-12-28 21:35:55 - INFO - 184    | SITE-02-G1   | -82.1    |
2025-12-28 21:35:55 - INFO - 185    | SITE-02-G1   | -82.1    |
2025-12-28 21:35:55 - INFO - 186    | SITE-02-G1   | -82.1    |
2025-12-28 21:35:55 - INFO - 187    | SITE-02-G1   | -82.0    |
2025-12-28 21:35:55 - INFO - 188    | SITE-02-G1   | -82.0    |
2025-12-28 21:35:55 - INFO - 189    | SITE-02-G1   | -81.9    |
2025-12-28 21:35:55 - INFO - 190    | SITE-02-G1   | -81.8    |
2025-12-28 21:35:55 - INFO - 191    | SITE-02-G1   | -81.8    |
2025-12-28 21:35:55 - INFO - 192    | SITE-02-G1   | -81.7    |
2025-12-28 21:35:55 - INFO - 193    | SITE-02-G1   | -81.7    |
2025-12-28 21:35:55 - INFO - 194    | SITE-02-G1   | -81.6    |
2025-12-28 21:35:55 - INFO - 195    | SITE-02-G1   | -81.6    |
2025-12-28 21:35:55 - INFO - 196    | SITE-02-G1   | -81.5    |
2025-12-28 21:35:55 - INFO - 197    | SITE-02-G1   | -81.5    |
2025-12-28 21:35:55 - INFO - 198    | SITE-02-G1   | -81.4    |
2025-12-28 21:35:55 - INFO - 199    | SITE-02-G1   | -81.4    |
2025-12-28 21:35:55 - INFO - 200    | SITE-02-G1   | -81.3    |
2025-12-28 21:35:55 - INFO - 201    | SITE-02-G1   | -81.3    |
2025-12-28 21:35:55 - INFO - 202    | SITE-02-G1   | -81.2    |
2025-12-28 21:35:55 - INFO - 203    | SITE-02-G1   | -81.2    |
2025-12-28 21:35:55 - INFO - 204    | SITE-02-G1   | -81.1    |
2025-12-28 21:35:55 - INFO - 205    | SITE-02-G1   | -81.1    |
2025-12-28 21:35:55 - INFO - 206    | SITE-02-G1   | -81.0    |
2025-12-28 21:35:55 - INFO - 207    | SITE-02-G1   | -80.9    |
2025-12-28 21:35:55 - INFO - 208    | SITE-02-G1   | -80.9    |
2025-12-28 21:35:55 - INFO - 209    | SITE-02-G1   | -80.8    |
2025-12-28 21:35:55 - INFO - 210    | SITE-02-G1   | -80.8    |
2025-12-28 21:35:55 - INFO - 211    | SITE-02-G1   | -80.7    |
2025-12-28 21:35:55 - INFO - 212    | SITE-02-G1   | -80.7    |
2025-12-28 21:35:55 - INFO - 213    | SITE-02-G1   | -80.6    |
2025-12-28 21:35:55 - INFO - 214    | SITE-02-G1   | -80.6    |
2025-12-28 21:35:55 - INFO - 215    | SITE-02-G1   | -80.5    |
2025-12-28 21:35:55 - INFO - 216    | SITE-02-G1   | -80.5    |
2025-12-28 21:35:55 - INFO - 217    | SITE-02-G1   | -80.4    |
2025-12-28 21:35:55 - INFO - 218    | SITE-02-G1   | -80.4    |
2025-12-28 21:35:55 - INFO - 219    | SITE-02-G1   | -80.3    |
2025-12-28 21:35:55 - INFO - 220    | SITE-02-G1   | -80.2    |
2025-12-28 21:35:55 - INFO - 221    | SITE-02-G1   | -80.2    |
2025-12-28 21:35:55 - INFO - 222    | SITE-02-G1   | -80.1    |
2025-12-28 21:35:55 - INFO - 223    | SITE-02-G1   | -80.0    |
2025-12-28 21:35:55 - INFO - 224    | SITE-02-G1   | -80.0    |
2025-12-28 21:35:55 - INFO - 225    | SITE-02-G1   | -80.0    |
2025-12-28 21:35:55 - INFO - 226    | SITE-02-G1   | -79.9    |
2025-12-28 21:35:55 - INFO - 227    | SITE-02-G1   | -79.8    |
2025-12-28 21:35:55 - INFO - 228    | SITE-02-G1   | -79.8    |
2025-12-28 21:35:55 - INFO - 229    | SITE-02-G1   | -79.7    |
2025-12-28 21:35:55 - INFO - 230    | SITE-02-G1   | -79.7    |
2025-12-28 21:35:55 - INFO - 231    | SITE-02-G1   | -79.6    |
2025-12-28 21:35:55 - INFO - 232    | SITE-02-G1   | -79.5    |
2025-12-28 21:35:55 - INFO - 233    | SITE-02-G1   | -79.5    |
2025-12-28 21:35:55 - INFO - 234    | SITE-02-G1   | -79.4    |
2025-12-28 21:35:55 - INFO - 235    | SITE-02-G1   | -79.4    |
2025-12-28 21:35:55 - INFO - 236    | SITE-02-G1   | -79.3    |
2025-12-28 21:35:55 - INFO - 237    | SITE-02-G1   | -79.3    |
2025-12-28 21:35:55 - INFO - 238    | SITE-02-G1   | -79.2    |
2025-12-28 21:35:55 - INFO - 239    | SITE-02-G1   | -79.1    |
2025-12-28 21:35:55 - INFO - 240    | SITE-02-G1   | -79.1    |
2025-12-28 21:35:55 - INFO - 241    | SITE-02-G1   | -79.0    |
2025-12-28 21:35:55 - INFO - 242    | SITE-02-G1   | -78.9    |
2025-12-28 21:35:55 - INFO - 243    | SITE-02-G1   | -78.9    |
2025-12-28 21:35:55 - INFO - 244    | SITE-02-G1   | -78.8    |
2025-12-28 21:35:55 - INFO - 245    | SITE-02-G1   | -78.8    |
2025-12-28 21:35:55 - INFO - 246    | SITE-02-G1   | -78.7    |
2025-12-28 21:35:55 - INFO - 247    | SITE-02-G1   | -78.6    |
2025-12-28 21:35:55 - INFO - 248    | SITE-02-G1   | -78.6    |
2025-12-28 21:35:55 - INFO - 249    | SITE-02-G1   | -78.5    |
2025-12-28 21:35:55 - INFO - 250    | SITE-02-G1   | -78.5    |
2025-12-28 21:35:55 - INFO - 251    | SITE-02-G1   | -78.4    |
2025-12-28 21:35:55 - INFO - 252    | SITE-02-G1   | -78.3    |
2025-12-28 21:35:55 - INFO - 253    | SITE-02-G1   | -78.3    |
2025-12-28 21:35:55 - INFO - 254    | SITE-02-G1   | -78.2    |
2025-12-28 21:35:55 - INFO - 255    | SITE-02-G1   | -78.1    |
2025-12-28 21:35:55 - INFO - 256    | SITE-02-G1   | -78.1    |
2025-12-28 21:35:55 - INFO - 257    | SITE-02-G1   | -78.0    |
2025-12-28 21:35:55 - INFO - 258    | SITE-02-G1   | -78.0    |
2025-12-28 21:35:55 - INFO - 259    | SITE-02-G1   | -77.9    |
2025-12-28 21:35:55 - INFO - 260    | SITE-02-G1   | -77.8    |
2025-12-28 21:35:55 - INFO - 261    | SITE-02-G1   | -77.8    |
2025-12-28 21:35:55 - INFO - 262    | SITE-02-G1   | -77.7    |
2025-12-28 21:35:55 - INFO - 263    | SITE-02-G1   | -77.7    |
2025-12-28 21:35:55 - INFO - 264    | SITE-02-G1   | -77.6    |
2025-12-28 21:35:55 - INFO - 265    | SITE-02-G1   | -77.5    |
2025-12-28 21:35:55 - INFO - 266    | SITE-02-G1   | -77.5    |
2025-12-28 21:35:55 - INFO - 267    | SITE-02-G1   | -77.4    |
2025-12-28 21:35:55 - INFO - 268    | SITE-02-G1   | -77.4    |
2025-12-28 21:35:55 - INFO - 269    | SITE-02-G1   | -77.3    |
2025-12-28 21:35:55 - INFO - 270    | SITE-02-G1   | -77.2    |
2025-12-28 21:35:55 - INFO - 271    | SITE-02-G1   | -77.2    |
2025-12-28 21:35:55 - INFO - 272    | SITE-02-G1   | -77.1    |
2025-12-28 21:35:55 - INFO - 273    | SITE-02-G1   | -77.0    |
2025-12-28 21:35:55 - INFO - 274    | SITE-02-G1   | -77.0    |
2025-12-28 21:35:55 - INFO - 275    | SITE-02-G1   | -77.0    |
2025-12-28 21:35:55 - INFO - 276    | SITE-02-G1   | -76.9    |
2025-12-28 21:35:55 - INFO - 277    | SITE-02-G1   | -76.8    |
2025-12-28 21:35:55 - INFO - 278    | SITE-02-G1   | -76.8    |
2025-12-28 21:35:55 - INFO - 279    | SITE-02-G1   | -76.7    |
2025-12-28 21:35:55 - INFO - 280    | SITE-02-G1   | -76.6    |
2025-12-28 21:35:55 - INFO - 281    | SITE-02-G1   | -76.6    |
2025-12-28 21:35:55 - INFO - 282    | SITE-02-G1   | -76.6    |
2025-12-28 21:35:55 - INFO - 283    | SITE-02-G1   | -76.5    |
2025-12-28 21:35:55 - INFO - 284    | SITE-02-G1   | -76.4    |
2025-12-28 21:35:55 - INFO - 285    | SITE-02-G1   | -76.4    |
2025-12-28 21:35:55 - INFO - 286    | SITE-02-G1   | -76.3    |
2025-12-28 21:35:55 - INFO - 287    | SITE-02-G1   | -76.2    |
2025-12-28 21:35:55 - INFO - 288    | SITE-02-G1   | -76.2    |
2025-12-28 21:35:55 - INFO - 289    | SITE-02-G1   | -76.2    |
2025-12-28 21:35:55 - INFO - 290    | SITE-02-G1   | -76.1    |
2025-12-28 21:35:55 - INFO - 291    | SITE-02-G1   | -76.1    |
2025-12-28 21:35:55 - INFO - 292    | SITE-02-G1   | -76.0    |
2025-12-28 21:35:55 - INFO - 293    | SITE-02-G1   | -76.0    |
2025-12-28 21:35:55 - INFO - 294    | SITE-02-G1   | -76.0    |
2025-12-28 21:35:55 - INFO - 295    | SITE-02-G1   | -75.9    |
2025-12-28 21:35:55 - INFO - 296    | SITE-02-G1   | -75.9    |
2025-12-28 21:35:55 - INFO - 297    | SITE-02-G1   | -75.8    |
2025-12-28 21:35:55 - INFO - 298    | SITE-02-G1   | -75.7    |
2025-12-28 21:35:55 - INFO - 299    | SITE-02-G1   | -75.7    |
2025-12-28 21:35:55 - INFO - 300    | SITE-02-G1   | -75.7    |
2025-12-28 21:35:55 - INFO - 301    | SITE-02-G1   | -75.7    |
2025-12-28 21:35:55 - INFO - 302    | SITE-02-G1   | -75.6    |
2025-12-28 21:35:55 - INFO - 303    | SITE-02-G1   | -75.6    |
2025-12-28 21:35:55 - INFO - 304    | SITE-02-G1   | -75.5    |
2025-12-28 21:35:55 - INFO - 305    | SITE-02-G1   | -75.5    |
2025-12-28 21:35:55 - INFO - 306    | SITE-02-G1   | -75.4    |
2025-12-28 21:35:55 - INFO - 307    | SITE-02-G1   | -75.5    |
2025-12-28 21:35:55 - INFO - 308    | SITE-02-G1   | -75.4    |
2025-12-28 21:35:55 - INFO - 309    | SITE-02-G1   | -75.4    |
2025-12-28 21:35:55 - INFO - 310    | SITE-02-G1   | -75.3    |
2025-12-28 21:35:55 - INFO - 311    | SITE-02-G1   | -75.3    |
2025-12-28 21:35:55 - INFO - 312    | SITE-02-G1   | -75.3    |
2025-12-28 21:35:55 - INFO - 313    | SITE-02-G1   | -75.3    |
2025-12-28 21:35:55 - INFO - 314    | SITE-02-G1   | -75.3    |
2025-12-28 21:35:55 - INFO - 315    | SITE-02-G1   | -75.3    |
2025-12-28 21:35:55 - INFO - 316    | SITE-02-G1   | -75.2    |
2025-12-28 21:35:55 - INFO - 317    | SITE-02-G1   | -75.2    |
2025-12-28 21:35:55 - INFO - 318    | SITE-02-G1   | -75.2    |
2025-12-28 21:35:55 - INFO - 319    | SITE-02-G1   | -75.2    |
2025-12-28 21:35:55 - INFO - 320    | SITE-02-G1   | -75.2    |
2025-12-28 21:35:55 - INFO - 321    | SITE-02-G1   | -75.2    |
2025-12-28 21:35:55 - INFO - 322    | SITE-02-G1   | -75.2    |
2025-12-28 21:35:55 - INFO - 323    | SITE-02-G1   | -75.2    |
2025-12-28 21:35:55 - INFO - 324    | SITE-02-G1   | -75.2    |
2025-12-28 21:35:55 - INFO - 325    | SITE-02-G1   | -75.1    |
2025-12-28 21:35:55 - INFO - 326    | SITE-02-G1   | -75.2    |
2025-12-28 21:35:55 - INFO - 327    | SITE-02-G1   | -75.2    |
2025-12-28 21:35:55 - INFO - 328    | SITE-02-G1   | -75.2    |
2025-12-28 21:35:55 - INFO - 329    | SITE-02-G1   | -75.2    |
2025-12-28 21:35:55 - INFO - 330    | SITE-02-G1   | -75.2    |
2025-12-28 21:35:55 - INFO - 331    | SITE-02-G1   | -75.1    |
2025-12-28 21:35:55 - INFO - 332    | SITE-02-G1   | -75.2    |
2025-12-28 21:35:55 - INFO - 333    | SITE-02-G1   | -75.2    |
2025-12-28 21:35:55 - INFO - 334    | SITE-02-G1   | -75.2    |
2025-12-28 21:35:55 - INFO - 335    | SITE-02-G1   | -75.3    |
2025-12-28 21:35:55 - INFO - 336    | SITE-02-G1   | -75.2    |
2025-12-28 21:35:55 - INFO - 337    | SITE-02-G1   | -75.3    |
2025-12-28 21:35:55 - INFO - 338    | SITE-02-G1   | -75.3    |
2025-12-28 21:35:55 - INFO - 339    | SITE-02-G1   | -75.4    |
2025-12-28 21:35:55 - INFO - 340    | SITE-02-G1   | -75.3    |
2025-12-28 21:35:55 - INFO - 341    | SITE-02-G1   | -75.4    |
2025-12-28 21:35:55 - INFO - 342    | SITE-02-G1   | -75.4    |
2025-12-28 21:35:55 - INFO - 343    | SITE-02-G1   | -75.4    |
2025-12-28 21:35:55 - INFO - 344    | SITE-02-G1   | -75.4    |
2025-12-28 21:35:55 - INFO - 345    | SITE-02-G1   | -75.5    |
2025-12-28 21:35:55 - INFO - 346    | SITE-02-G1   | -75.5    |
2025-12-28 21:35:55 - INFO - 347    | SITE-02-G1   | -75.6    |
2025-12-28 21:35:55 - INFO - 348    | SITE-02-G1   | -75.6    |
2025-12-28 21:35:55 - INFO - 349    | SITE-02-G1   | -75.6    |
2025-12-28 21:35:55 - INFO - 350    | SITE-02-G1   | -75.7    |
2025-12-28 21:35:55 - INFO - 351    | SITE-02-G1   | -75.7    |
2025-12-28 21:35:55 - INFO - 352    | SITE-02-G1   | -75.8    |
2025-12-28 21:35:55 - INFO - 353    | SITE-02-G1   | -75.8    |
2025-12-28 21:35:55 - INFO - 354    | SITE-02-G1   | -75.8    |
2025-12-28 21:35:55 - INFO - 355    | SITE-02-G1   | -75.9    |
2025-12-28 21:35:55 - INFO - 356    | SITE-02-G1   | -75.9    |
2025-12-28 21:35:55 - INFO - 357    | SITE-02-G1   | -75.9    |
2025-12-28 21:35:55 - INFO - 358    | SITE-02-G1   | -76.0    |
2025-12-28 21:35:55 - INFO - 359    | SITE-02-G1   | -76.0    |
2025-12-28 21:35:55 - INFO - 360    | SITE-02-G1   | -76.1    |
2025-12-28 21:35:55 - INFO - 361    | SITE-02-G1   | -76.1    |
2025-12-28 21:35:55 - INFO - 362    | SITE-02-G1   | -76.2    |
2025-12-28 21:35:55 - INFO - 363    | SITE-02-G1   | -76.2    |
2025-12-28 21:35:55 - INFO - 364    | SITE-02-G1   | -76.3    |
2025-12-28 21:35:55 - INFO - 365    | SITE-02-G1   | -76.3    |
2025-12-28 21:35:55 - INFO - 366    | SITE-02-G1   | -76.4    |
2025-12-28 21:35:55 - INFO - 367    | SITE-02-G1   | -76.5    |
2025-12-28 21:35:55 - INFO - 368    | SITE-02-G1   | -76.5    |
2025-12-28 21:35:55 - INFO - 369    | SITE-02-G1   | -76.6    |
2025-12-28 21:35:55 - INFO - 370    | SITE-02-G1   | -76.6    |
2025-12-28 21:35:55 - INFO - 371    | SITE-02-G1   | -76.7    |
2025-12-28 21:35:55 - INFO - 372    | SITE-02-G1   | -76.7    |
2025-12-28 21:35:55 - INFO - 373    | SITE-02-G1   | -76.8    |
2025-12-28 21:35:55 - INFO - 374    | SITE-02-G1   | -76.8    |
2025-12-28 21:35:55 - INFO - 375    | SITE-02-G1   | -76.9    |
2025-12-28 21:35:55 - INFO - 376    | SITE-02-G1   | -76.9    |
2025-12-28 21:35:55 - INFO - 377    | SITE-02-G1   | -77.0    |
2025-12-28 21:35:55 - INFO - 378    | SITE-02-G1   | -77.1    |
2025-12-28 21:35:55 - INFO - 379    | SITE-02-G1   | -77.1    |
2025-12-28 21:35:55 - INFO - 380    | SITE-02-G1   | -77.2    |
2025-12-28 21:35:55 - INFO - 381    | SITE-02-G1   | -77.3    |
2025-12-28 21:35:55 - INFO - 382    | SITE-02-G1   | -77.3    |
2025-12-28 21:35:55 - INFO - 383    | SITE-02-G1   | -77.4    |
2025-12-28 21:35:55 - INFO - 384    | SITE-02-G1   | -77.5    |
2025-12-28 21:35:55 - INFO - 385    | SITE-02-G1   | -77.5    |
2025-12-28 21:35:55 - INFO - 386    | SITE-02-G1   | -77.6    |
2025-12-28 21:35:55 - INFO - 387    | SITE-02-G1   | -77.6    |
2025-12-28 21:35:55 - INFO - 388    | SITE-02-G1   | -77.7    |
2025-12-28 21:35:55 - INFO - 389    | SITE-02-G1   | -77.7    |
2025-12-28 21:35:55 - INFO - 390    | SITE-02-G1   | -77.8    |
2025-12-28 21:35:55 - INFO - 391    | SITE-02-G1   | -77.9    |
2025-12-28 21:35:55 - INFO - 392    | SITE-02-G1   | -77.9    |
2025-12-28 21:35:55 - INFO - 393    | SITE-02-G1   | -78.0    |
2025-12-28 21:35:55 - INFO - 394    | SITE-02-G1   | -78.1    |
2025-12-28 21:35:55 - INFO - 395    | SITE-02-G1   | -78.1    |
2025-12-28 21:35:55 - INFO - 396    | SITE-02-G1   | -78.2    |
2025-12-28 21:35:55 - INFO - 397    | SITE-02-G1   | -78.2    |
2025-12-28 21:35:55 - INFO - 398    | SITE-02-G1   | -78.3    |
2025-12-28 21:35:55 - INFO - 399    | SITE-02-G1   | -78.4    |
2025-12-28 21:35:55 - INFO - 400    | SITE-02-G1   | -78.4    |
2025-12-28 21:35:55 - INFO - 401    | SITE-02-G1   | -78.5    |
2025-12-28 21:35:55 - INFO - 402    | SITE-02-G1   | -78.5    |
2025-12-28 21:35:55 - INFO - 403    | SITE-02-G1   | -78.6    |
2025-12-28 21:35:55 - INFO - 404    | SITE-02-G1   | -78.7    |
2025-12-28 21:35:55 - INFO - 405    | SITE-02-G1   | -78.7    |
2025-12-28 21:35:55 - INFO - 406    | SITE-02-G1   | -78.8    |
2025-12-28 21:35:55 - INFO - 407    | SITE-02-G1   | -78.9    |
2025-12-28 21:35:55 - INFO - 408    | SITE-02-G1   | -78.9    |
2025-12-28 21:35:55 - INFO - 409    | SITE-02-G1   | -79.0    |
2025-12-28 21:35:55 - INFO - 410    | SITE-02-G1   | -79.0    |
2025-12-28 21:35:55 - INFO - 411    | SITE-02-G1   | -79.1    |
2025-12-28 21:35:55 - INFO - 412    | SITE-02-G1   | -79.1    |
2025-12-28 21:35:55 - INFO - 413    | SITE-02-G1   | -79.2    |
2025-12-28 21:35:55 - INFO - 414    | SITE-02-G1   | -79.3    |
2025-12-28 21:35:55 - INFO - 415    | SITE-02-G1   | -79.3    |
2025-12-28 21:35:55 - INFO - 416    | SITE-02-G1   | -79.4    |
2025-12-28 21:35:55 - INFO - 417    | SITE-02-G1   | -79.4    |
2025-12-28 21:35:55 - INFO - 418    | SITE-02-G1   | -79.5    |
2025-12-28 21:35:55 - INFO - 419    | SITE-02-G1   | -79.6    |
2025-12-28 21:35:55 - INFO - 420    | SITE-02-G1   | -79.6    |
2025-12-28 21:35:55 - INFO - 421    | SITE-02-G1   | -79.7    |
2025-12-28 21:35:55 - INFO - 422    | SITE-02-G1   | -79.8    |
2025-12-28 21:35:55 - INFO - 423    | SITE-02-G1   | -79.8    |
2025-12-28 21:35:55 - INFO - 424    | SITE-02-G1   | -79.9    |
2025-12-28 21:35:55 - INFO - 425    | SITE-02-G1   | -79.9    |
2025-12-28 21:35:55 - INFO - 426    | SITE-02-G1   | -80.0    |
2025-12-28 21:35:55 - INFO - 427    | SITE-02-G1   | -80.0    |
2025-12-28 21:35:55 - INFO - 428    | SITE-02-G1   | -80.1    |
2025-12-28 21:35:55 - INFO - 429    | SITE-02-G1   | -80.1    |
2025-12-28 21:35:55 - INFO - 430    | SITE-02-G1   | -80.2    |
2025-12-28 21:35:55 - INFO - 431    | SITE-02-G1   | -80.3    |
2025-12-28 21:35:55 - INFO - 432    | SITE-02-G1   | -80.3    |
2025-12-28 21:35:55 - INFO - 433    | SITE-02-G1   | -80.4    |
2025-12-28 21:35:55 - INFO - 434    | SITE-02-G1   | -80.4    |
2025-12-28 21:35:55 - INFO - 435    | SITE-02-G1   | -80.5    |
2025-12-28 21:35:55 - INFO - 436    | SITE-02-G1   | -80.5    |
2025-12-28 21:35:55 - INFO - 437    | SITE-02-G1   | -80.6    |
2025-12-28 21:35:55 - INFO - 438    | SITE-02-G1   | -80.6    |
2025-12-28 21:35:55 - INFO - 439    | SITE-02-G1   | -80.7    |
2025-12-28 21:35:55 - INFO - 440    | SITE-02-G1   | -80.8    |
2025-12-28 21:35:55 - INFO - 441    | SITE-02-G1   | -80.8    |
2025-12-28 21:35:55 - INFO - 442    | SITE-02-G1   | -80.9    |
2025-12-28 21:35:55 - INFO - 443    | SITE-02-G1   | -80.9    |
2025-12-28 21:35:55 - INFO - 444    | SITE-02-G1   | -81.0    |
2025-12-28 21:35:55 - INFO - 445    | SITE-02-G1   | -81.0    |
2025-12-28 21:35:55 - INFO - 446    | SITE-02-G1   | -81.1    |
2025-12-28 21:35:55 - INFO - 447    | SITE-02-G1   | -81.1    |
2025-12-28 21:35:55 - INFO - 448    | SITE-02-G1   | -81.2    |
2025-12-28 21:35:55 - INFO - 449    | SITE-02-G1   | -81.2    |
2025-12-28 21:35:55 - INFO - 450    | SITE-02-G1   | -81.3    |
2025-12-28 21:35:55 - INFO - 451    | SITE-02-G1   | -81.3    |
2025-12-28 21:35:55 - INFO - 452    | SITE-02-G1   | -81.4    |
2025-12-28 21:35:55 - INFO - 453    | SITE-02-G1   | -81.5    |
2025-12-28 21:35:55 - INFO - 454    | SITE-02-G1   | -81.5    |
2025-12-28 21:35:55 - INFO - 455    | SITE-02-G1   | -81.6    |
2025-12-28 21:35:55 - INFO - 456    | SITE-02-G1   | -81.6    |
2025-12-28 21:35:55 - INFO - 457    | SITE-02-G1   | -81.7    |
2025-12-28 21:35:55 - INFO - 458    | SITE-02-G1   | -81.7    |
2025-12-28 21:35:55 - INFO - 459    | SITE-02-G1   | -81.8    |
2025-12-28 21:35:55 - INFO - 460    | SITE-02-G1   | -81.8    |
2025-12-28 21:35:55 - INFO - 461    | SITE-02-G1   | -81.9    |
2025-12-28 21:35:55 - INFO - 462    | SITE-02-G1   | -81.9    |
2025-12-28 21:35:55 - INFO - 463    | SITE-02-G1   | -82.0    |
2025-12-28 21:35:55 - INFO - 464    | SITE-02-G1   | -82.0    |
2025-12-28 21:35:55 - INFO - 465    | SITE-02-G1   | -82.1    |
2025-12-28 21:35:55 - INFO - 466    | SITE-02-G1   | -82.1    |
2025-12-28 21:35:55 - INFO - 467    | SITE-02-G1   | -82.1    |
2025-12-28 21:35:55 - INFO - 468    | SITE-02-G1   | -82.1    |
2025-12-28 21:35:55 - INFO - 469    | SITE-02-G1   | -82.0    |
2025-12-28 21:35:55 - INFO - 470    | SITE-02-G1   | -81.9    |
2025-12-28 21:35:55 - INFO - 471    | SITE-02-G1   | -81.9    |
2025-12-28 21:35:55 - INFO - 472    | SITE-02-G1   | -81.8    |
2025-12-28 21:35:55 - INFO - 473    | SITE-02-G1   | -81.9    |
2025-12-28 21:35:55 - INFO - 474    | SITE-02-G1   | -81.8    |
2025-12-28 21:35:55 - INFO - 475    | SITE-02-G1   | -81.8    |
2025-12-28 21:35:55 - INFO - 476    | SITE-02-G1   | -81.7    |
2025-12-28 21:35:55 - INFO - 477    | SITE-02-G1   | -81.7    |
2025-12-28 21:35:55 - INFO - 478    | SITE-02-G1   | -81.6    |
2025-12-28 21:35:55 - INFO - 479    | SITE-02-G1   | -81.7    |
2025-12-28 21:35:55 - INFO - 480    | SITE-02-G1   | -81.6    |
2025-12-28 21:35:55 - INFO - 481    | SITE-02-G1   | -81.6    |
2025-12-28 21:35:55 - INFO - 482    | SITE-02-G1   | -81.5    |
2025-12-28 21:35:55 - INFO - 483    | SITE-02-G1   | -81.5    |
2025-12-28 21:35:55 - INFO - 484    | SITE-02-G1   | -81.4    |
2025-12-28 21:35:55 - INFO - 485    | SITE-02-G1   | -81.5    |
2025-12-28 21:35:55 - INFO - 486    | SITE-02-G1   | -81.4    |
2025-12-28 21:35:55 - INFO - 487    | SITE-02-G1   | -81.4    |
2025-12-28 21:35:55 - INFO - 488    | SITE-02-G1   | -81.4    |
2025-12-28 21:35:55 - INFO - 489    | SITE-02-G1   | -81.3    |
2025-12-28 21:35:55 - INFO - 490    | SITE-02-G1   | -81.3    |
2025-12-28 21:35:55 - INFO - 491    | SITE-02-G1   | -81.2    |
2025-12-28 21:35:55 - INFO - 492    | SITE-02-G1   | -81.3    |
2025-12-28 21:35:55 - INFO - 493    | SITE-02-G1   | -81.2    |
2025-12-28 21:35:55 - INFO - 494    | SITE-02-G1   | -81.2    |
2025-12-28 21:35:55 - INFO - 495    | SITE-02-G1   | -81.2    |
2025-12-28 21:35:55 - INFO - 496    | SITE-02-G1   | -81.1    |
2025-12-28 21:35:55 - INFO - 497    | SITE-02-G1   | -81.1    |
2025-12-28 21:35:55 - INFO - 498    | SITE-02-G1   | -81.1    |
2025-12-28 21:35:55 - INFO - 499    | SITE-02-G1   | -81.1    |
2025-12-28 21:35:55 - INFO - 500    | SITE-02-G1   | -81.1    |
2025-12-28 21:35:55 - INFO - 501    | SITE-02-G1   | -81.0    |
2025-12-28 21:35:55 - INFO - 502    | SITE-02-G1   | -81.0    |
2025-12-28 21:35:55 - INFO - 503    | SITE-02-G1   | -81.0    |
2025-12-28 21:35:55 - INFO - 504    | SITE-02-G1   | -80.9    |
2025-12-28 21:35:55 - INFO - 505    | SITE-02-G1   | -81.0    |
2025-12-28 21:35:55 - INFO - 506    | SITE-02-G1   | -80.9    |
2025-12-28 21:35:55 - INFO - 507    | SITE-02-G1   | -80.9    |
2025-12-28 21:35:55 - INFO - 508    | SITE-02-G1   | -80.9    |
2025-12-28 21:35:55 - INFO - 509    | SITE-02-G1   | -80.9    |
2025-12-28 21:35:55 - INFO - 510    | SITE-02-G1   | -80.9    |
2025-12-28 21:35:55 - INFO - 511    | SITE-02-G1   | -80.9    |
2025-12-28 21:35:55 - INFO - 512    | SITE-02-G1   | -80.9    |
2025-12-28 21:35:55 - INFO - 513    | SITE-02-G1   | -80.8    |
2025-12-28 21:35:55 - INFO - 514    | SITE-02-G1   | -80.8    |
2025-12-28 21:35:55 - INFO - 515    | SITE-01-N1   | -80.8    | RESELECTION
2025-12-28 21:35:55 - INFO - 517    | SITE-01-G1   | -80.8    |
2025-12-28 21:35:55 - INFO - 518    | SITE-01-G1   | -80.8    |
2025-12-28 21:35:55 - INFO - 519    | SITE-01-G1   | -80.7    |
2025-12-28 21:35:55 - INFO - 520    | SITE-01-G1   | -80.7    |
2025-12-28 21:35:55 - INFO - 521    | SITE-01-G1   | -80.7    |
2025-12-28 21:35:55 - INFO - 522    | SITE-01-G1   | -80.7    |
2025-12-28 21:35:55 - INFO - 523    | SITE-01-G1   | -80.6    |
2025-12-28 21:35:55 - INFO - 524    | SITE-01-G1   | -80.7    |
2025-12-28 21:35:55 - INFO - 525    | SITE-01-G1   | -80.7    |
2025-12-28 21:35:55 - INFO - 526    | SITE-01-G1   | -80.7    |
2025-12-28 21:35:55 - INFO - 527    | SITE-01-G1   | -80.7    |
2025-12-28 21:35:55 - INFO - 528    | SITE-01-G1   | -80.6    |
2025-12-28 21:35:55 - INFO - 529    | SITE-01-G1   | -80.6    |
2025-12-28 21:35:55 - INFO - 530    | SITE-01-G1   | -80.7    |
2025-12-28 21:35:55 - INFO - 531    | SITE-01-G1   | -80.7    |
2025-12-28 21:35:55 - INFO - 532    | SITE-01-G1   | -80.6    |
2025-12-28 21:35:55 - INFO - 533    | SITE-01-G1   | -80.6    |
2025-12-28 21:35:55 - INFO - 534    | SITE-01-G1   | -80.6    |
2025-12-28 21:35:55 - INFO - 535    | SITE-01-G1   | -80.6    |
2025-12-28 21:35:55 - INFO - 536    | SITE-01-G1   | -80.6    |
2025-12-28 21:35:55 - INFO - 537    | SITE-01-G1   | -80.6    |
2025-12-28 21:35:55 - INFO - 538    | SITE-01-G1   | -80.6    |
2025-12-28 21:35:55 - INFO - 539    | SITE-01-G1   | -80.6    |
2025-12-28 21:35:55 - INFO - 540    | SITE-01-G1   | -80.5    |
2025-12-28 21:35:55 - INFO - 541    | SITE-01-G1   | -80.5    |
2025-12-28 21:35:55 - INFO - 542    | SITE-01-G1   | -80.5    |
2025-12-28 21:35:55 - INFO - 543    | SITE-01-G1   | -80.6    |
2025-12-28 21:35:55 - INFO - 544    | SITE-01-G1   | -80.6    |
2025-12-28 21:35:55 - INFO - 545    | SITE-01-G1   | -80.5    |
2025-12-28 21:35:55 - INFO - 546    | SITE-01-G1   | -80.5    |
2025-12-28 21:35:55 - INFO - 547    | SITE-01-G1   | -80.5    |
2025-12-28 21:35:55 - INFO - 548    | SITE-01-G1   | -80.5    |
2025-12-28 21:35:55 - INFO - 549    | SITE-01-G1   | -80.5    |
2025-12-28 21:35:55 - INFO - 550    | SITE-01-G1   | -80.5    |
2025-12-28 21:35:55 - INFO - 551    | SITE-01-G1   | -80.5    |
2025-12-28 21:35:55 - INFO - 552    | SITE-01-G1   | -80.5    |
2025-12-28 21:35:55 - INFO - 553    | SITE-01-G1   | -80.5    |
2025-12-28 21:35:55 - INFO - 554    | SITE-01-G1   | -80.5    |
2025-12-28 21:35:55 - INFO - 555    | SITE-01-G1   | -80.4    |
2025-12-28 21:35:55 - INFO - 556    | SITE-01-G1   | -80.5    |
2025-12-28 21:35:55 - INFO - 557    | SITE-01-G1   | -80.5    |
2025-12-28 21:35:55 - INFO - 558    | SITE-01-G1   | -80.5    |
2025-12-28 21:35:55 - INFO - 559    | SITE-01-G1   | -80.5    |
2025-12-28 21:35:55 - INFO - 560    | SITE-01-G1   | -80.5    |
2025-12-28 21:35:55 - INFO - 561    | SITE-01-G1   | -80.5    |
2025-12-28 21:35:55 - INFO - 562    | SITE-01-G1   | -80.5    |
2025-12-28 21:35:55 - INFO - 563    | SITE-01-G1   | -80.5    |
2025-12-28 21:35:55 - INFO - 564    | SITE-01-G1   | -80.5    |
2025-12-28 21:35:55 - INFO - 565    | SITE-01-G1   | -80.5    |
2025-12-28 21:35:55 - INFO - 566    | SITE-01-G1   | -80.5    |
2025-12-28 21:35:55 - INFO - 567    | SITE-01-G1   | -80.5    |
2025-12-28 21:35:55 - INFO - 568    | SITE-01-G1   | -80.5    |
2025-12-28 21:35:55 - INFO - 569    | SITE-01-G1   | -80.5    |
2025-12-28 21:35:55 - INFO - 570    | SITE-01-G1   | -80.5    |
2025-12-28 21:35:55 - INFO - 571    | SITE-01-G1   | -80.5    |
2025-12-28 21:35:55 - INFO - 572    | SITE-01-G1   | -80.5    |
2025-12-28 21:35:55 - INFO - 573    | SITE-01-G1   | -80.5    |
2025-12-28 21:35:55 - INFO - 574    | SITE-01-G1   | -80.5    |
2025-12-28 21:35:55 - INFO - 575    | SITE-01-G1   | -80.5    |
2025-12-28 21:35:55 - INFO - 576    | SITE-01-G1   | -80.5    |
2025-12-28 21:35:55 - INFO - 577    | SITE-01-G1   | -80.5    |
2025-12-28 21:35:55 - INFO - 578    | SITE-01-G1   | -80.5    |
2025-12-28 21:35:55 - INFO - 579    | SITE-01-G1   | -80.5    |
2025-12-28 21:35:55 - INFO - 580    | SITE-01-G1   | -80.5    |
2025-12-28 21:35:55 - INFO - 581    | SITE-01-G1   | -80.5    |
2025-12-28 21:35:55 - INFO - 582    | SITE-01-G1   | -80.5    |
2025-12-28 21:35:55 - INFO - 583    | SITE-01-G1   | -80.5    |
2025-12-28 21:35:55 - INFO - 584    | SITE-01-G1   | -80.5    |
2025-12-28 21:35:55 - INFO - 585    | SITE-01-G1   | -80.5    |
2025-12-28 21:35:55 - INFO - 586    | SITE-01-G1   | -80.5    |
2025-12-28 21:35:55 - INFO - 587    | SITE-01-G1   | -80.5    |
2025-12-28 21:35:55 - INFO - 588    | SITE-01-G1   | -80.5    |
2025-12-28 21:35:55 - INFO - 589    | SITE-01-G1   | -80.5    |
2025-12-28 21:35:55 - INFO - 590    | SITE-01-G1   | -80.5    |
2025-12-28 21:35:55 - INFO - 591    | SITE-01-G1   | -80.5    |
2025-12-28 21:35:55 - INFO - 592    | SITE-01-G1   | -80.5    |
2025-12-28 21:35:55 - INFO - 593    | SITE-01-G1   | -80.5    |
2025-12-28 21:35:55 - INFO - 594    | SITE-01-G1   | -80.5    |
2025-12-28 21:35:55 - INFO - 595    | SITE-01-G1   | -80.5    |
2025-12-28 21:35:55 - INFO - 596    | SITE-01-G1   | -80.5    |
2025-12-28 21:35:55 - INFO - 597    | SITE-01-G1   | -80.5    |
2025-12-28 21:35:55 - INFO - 598    | SITE-01-G1   | -80.5    |
2025-12-28 21:35:55 - INFO - 599    | SITE-01-G1   | -80.5    |
2025-12-28 21:35:55 - INFO - 600    | SITE-01-G1   | -80.6    |
2025-12-28 21:35:55 - INFO - 601    | SITE-01-G1   | -80.6    |
2025-12-28 21:35:55 - INFO - 602    | SITE-01-G1   | -80.5    |
2025-12-28 21:35:55 - INFO - 603    | SITE-01-G1   | -80.5    |
2025-12-28 21:35:55 - INFO - 604    | SITE-01-G1   | -80.5    |
2025-12-28 21:35:55 - INFO - 605    | SITE-01-G1   | -80.5    |
2025-12-28 21:35:55 - INFO - 606    | SITE-01-G1   | -80.6    |
2025-12-28 21:35:55 - INFO - 607    | SITE-01-G1   | -80.6    |
2025-12-28 21:35:55 - INFO - 608    | SITE-01-G1   | -80.6    |
2025-12-28 21:35:55 - INFO - 609    | SITE-01-G1   | -80.6    |
2025-12-28 21:35:55 - INFO - 610    | SITE-01-G1   | -80.6    |
2025-12-28 21:35:55 - INFO - 611    | SITE-01-G1   | -80.6    |
2025-12-28 21:35:55 - INFO - 612    | SITE-01-G1   | -80.6    |
2025-12-28 21:35:55 - INFO - 613    | SITE-01-G1   | -80.6    |
2025-12-28 21:35:55 - INFO - 614    | SITE-01-G1   | -80.6    |
2025-12-28 21:35:55 - INFO - 615    | SITE-01-G1   | -80.5    |
2025-12-28 21:35:55 - INFO - 616    | SITE-01-G1   | -80.4    |
2025-12-28 21:35:55 - INFO - 617    | SITE-01-G1   | -80.3    |
2025-12-28 21:35:55 - INFO - 618    | SITE-01-G1   | -80.2    |
2025-12-28 21:35:55 - INFO - 619    | SITE-01-G1   | -80.2    |
2025-12-28 21:35:55 - INFO - 620    | SITE-01-G1   | -80.1    |
2025-12-28 21:35:55 - INFO - 621    | SITE-01-G1   | -80.0    |
2025-12-28 21:35:55 - INFO - 622    | SITE-01-G1   | -79.9    |
2025-12-28 21:35:55 - INFO - 623    | SITE-01-G1   | -79.8    |
2025-12-28 21:35:55 - INFO - 624    | SITE-01-G1   | -79.7    |
2025-12-28 21:35:55 - INFO - 625    | SITE-01-G1   | -79.6    |
2025-12-28 21:35:55 - INFO - 626    | SITE-01-G1   | -79.5    |
2025-12-28 21:35:55 - INFO - 627    | SITE-01-G1   | -79.4    |
2025-12-28 21:35:55 - INFO - 628    | SITE-01-G1   | -79.3    |
2025-12-28 21:35:55 - INFO - 629    | SITE-01-G1   | -79.2    |
2025-12-28 21:35:55 - INFO - 630    | SITE-01-G1   | -79.1    |
2025-12-28 21:35:55 - INFO - 631    | SITE-01-G1   | -79.0    |
2025-12-28 21:35:55 - INFO - 632    | SITE-01-G1   | -79.0    |
2025-12-28 21:35:55 - INFO - 633    | SITE-01-G1   | -78.9    |
2025-12-28 21:35:55 - INFO - 634    | SITE-01-G1   | -78.8    |
2025-12-28 21:35:55 - INFO - 635    | SITE-01-G1   | -78.7    |
2025-12-28 21:35:55 - INFO - 636    | SITE-01-G1   | -78.6    |
2025-12-28 21:35:55 - INFO - 637    | SITE-01-G1   | -78.5    |
2025-12-28 21:35:55 - INFO - 638    | SITE-01-G1   | -78.4    |
2025-12-28 21:35:55 - INFO - 639    | SITE-01-G1   | -78.3    |
2025-12-28 21:35:55 - INFO - 640    | SITE-01-G1   | -78.2    |
2025-12-28 21:35:55 - INFO - 641    | SITE-01-G1   | -78.1    |
2025-12-28 21:35:55 - INFO - 642    | SITE-01-G1   | -78.0    |
2025-12-28 21:35:55 - INFO - 643    | SITE-01-G1   | -77.9    |
2025-12-28 21:35:55 - INFO - 644    | SITE-01-G1   | -77.8    |
2025-12-28 21:35:55 - INFO - 645    | SITE-01-G1   | -77.7    |
2025-12-28 21:35:55 - INFO - 646    | SITE-01-G1   | -77.6    |
2025-12-28 21:35:55 - INFO - 647    | SITE-01-G1   | -77.5    |
2025-12-28 21:35:55 - INFO - 648    | SITE-01-G1   | -77.4    |
2025-12-28 21:35:55 - INFO - 649    | SITE-01-G1   | -77.3    |
2025-12-28 21:35:55 - INFO - 650    | SITE-01-G1   | -77.2    |
2025-12-28 21:35:55 - INFO - 651    | SITE-01-G1   | -77.2    |
2025-12-28 21:35:55 - INFO - 652    | SITE-01-G1   | -77.1    |
2025-12-28 21:35:55 - INFO - 653    | SITE-01-G1   | -76.9    |
2025-12-28 21:35:55 - INFO - 654    | SITE-01-G1   | -76.9    |
2025-12-28 21:35:55 - INFO - 655    | SITE-01-G1   | -76.7    |
2025-12-28 21:35:55 - INFO - 656    | SITE-01-G1   | -76.6    |
2025-12-28 21:35:55 - INFO - 657    | SITE-01-G1   | -76.5    |
2025-12-28 21:35:55 - INFO - 658    | SITE-01-G1   | -76.5    |
2025-12-28 21:35:55 - INFO - 659    | SITE-01-G1   | -76.4    |
2025-12-28 21:35:55 - INFO - 660    | SITE-01-G1   | -76.2    |
2025-12-28 21:35:55 - INFO - 661    | SITE-01-G1   | -76.2    |
2025-12-28 21:35:55 - INFO - 662    | SITE-01-G1   | -76.0    |
2025-12-28 21:35:55 - INFO - 663    | SITE-01-G1   | -75.9    |
2025-12-28 21:35:55 - INFO - 664    | SITE-01-G1   | -75.9    |
2025-12-28 21:35:55 - INFO - 665    | SITE-01-G1   | -75.8    |
2025-12-28 21:35:55 - INFO - 666    | SITE-01-G1   | -75.7    |
2025-12-28 21:35:55 - INFO - 667    | SITE-01-G1   | -75.6    |
2025-12-28 21:35:55 - INFO - 668    | SITE-01-G1   | -75.4    |
2025-12-28 21:35:55 - INFO - 669    | SITE-01-G1   | -75.4    |
2025-12-28 21:35:55 - INFO - 670    | SITE-01-G1   | -75.3    |
2025-12-28 21:35:55 - INFO - 671    | SITE-01-G1   | -75.2    |
2025-12-28 21:35:55 - INFO - 672    | SITE-01-G1   | -75.1    |
2025-12-28 21:35:55 - INFO - 673    | SITE-01-G1   | -74.9    |
2025-12-28 21:35:55 - INFO - 674    | SITE-01-G1   | -74.8    |
2025-12-28 21:35:55 - INFO - 675    | SITE-01-G1   | -74.7    |
2025-12-28 21:35:55 - INFO - 676    | SITE-01-G1   | -74.6    |
2025-12-28 21:35:55 - INFO - 677    | SITE-01-G1   | -74.5    |
2025-12-28 21:35:55 - INFO - 678    | SITE-01-G1   | -74.5    |
2025-12-28 21:35:55 - INFO - 679    | SITE-01-G1   | -74.3    |
2025-12-28 21:35:55 - INFO - 680    | SITE-01-G1   | -74.2    |
2025-12-28 21:35:55 - INFO - 681    | SITE-01-G1   | -74.1    |
2025-12-28 21:35:55 - INFO - 682    | SITE-01-G1   | -74.0    |
2025-12-28 21:35:55 - INFO - 683    | SITE-01-G1   | -73.9    |
2025-12-28 21:35:55 - INFO - 684    | SITE-01-G1   | -73.8    |
2025-12-28 21:35:55 - INFO - 685    | SITE-01-G1   | -73.7    |
2025-12-28 21:35:55 - INFO - 686    | SITE-01-G1   | -73.6    |
2025-12-28 21:35:55 - INFO - 687    | SITE-01-G1   | -73.5    |
2025-12-28 21:35:55 - INFO - 688    | SITE-01-G1   | -73.4    |
2025-12-28 21:35:55 - INFO - 689    | SITE-01-G1   | -73.3    |
2025-12-28 21:35:55 - INFO - 690    | SITE-01-G1   | -73.2    |
2025-12-28 21:35:55 - INFO - 691    | SITE-01-G1   | -73.1    |
2025-12-28 21:35:55 - INFO - 692    | SITE-01-G1   | -73.0    |
2025-12-28 21:35:55 - INFO - 693    | SITE-01-G1   | -72.9    |
2025-12-28 21:35:55 - INFO - 694    | SITE-01-G1   | -72.8    |
2025-12-28 21:35:55 - INFO - 695    | SITE-01-G1   | -72.7    |
2025-12-28 21:35:55 - INFO - 696    | SITE-01-G1   | -72.6    |
2025-12-28 21:35:55 - INFO - 697    | SITE-01-G1   | -72.5    |
2025-12-28 21:35:55 - INFO - 698    | SITE-01-G1   | -72.4    |
2025-12-28 21:35:55 - INFO - 699    | SITE-01-G1   | -72.3    |
2025-12-28 21:35:55 - INFO - 700    | SITE-01-G1   | -72.1    |
2025-12-28 21:35:55 - INFO - 701    | SITE-01-G1   | -72.0    |
2025-12-28 21:35:55 - INFO - 702    | SITE-01-G1   | -72.0    |
2025-12-28 21:35:55 - INFO - 703    | SITE-01-G1   | -71.9    |
2025-12-28 21:35:55 - INFO - 704    | SITE-01-G1   | -71.7    |
2025-12-28 21:35:55 - INFO - 705    | SITE-01-G1   | -71.6    |
2025-12-28 21:35:55 - INFO - 706    | SITE-01-G1   | -71.5    |
2025-12-28 21:35:55 - INFO - 707    | SITE-01-G1   | -71.4    |
2025-12-28 21:35:55 - INFO - 708    | SITE-01-G1   | -71.3    |
2025-12-28 21:35:55 - INFO - 709    | SITE-01-G1   | -71.2    |
2025-12-28 21:35:55 - INFO - 710    | SITE-01-G1   | -71.1    |
2025-12-28 21:35:55 - INFO - 711    | SITE-01-G1   | -71.0    |
2025-12-28 21:35:55 - INFO - 712    | SITE-01-G1   | -70.9    |
2025-12-28 21:35:55 - INFO - 713    | SITE-01-G1   | -70.8    |
2025-12-28 21:35:55 - INFO - 714    | SITE-01-G1   | -70.7    |
2025-12-28 21:35:55 - INFO - 715    | SITE-01-G1   | -70.6    |
2025-12-28 21:35:55 - INFO - 716    | SITE-01-G1   | -70.5    |
2025-12-28 21:35:55 - INFO - 717    | SITE-01-G1   | -70.4    |
2025-12-28 21:35:55 - INFO - 718    | SITE-01-G1   | -70.3    |
2025-12-28 21:35:55 - INFO - 719    | SITE-01-G1   | -70.1    |
2025-12-28 21:35:55 - INFO - 720    | SITE-01-G1   | -70.0    |
2025-12-28 21:35:55 - INFO - 721    | SITE-01-G1   | -69.9    |
2025-12-28 21:35:55 - INFO - 722    | SITE-01-G1   | -69.8    |
2025-12-28 21:35:55 - INFO - 723    | SITE-01-G1   | -69.7    |
2025-12-28 21:35:55 - INFO - 724    | SITE-01-G1   | -69.6    |
2025-12-28 21:35:55 - INFO - 725    | SITE-01-G1   | -69.5    |
2025-12-28 21:35:55 - INFO - 726    | SITE-01-G1   | -69.4    |
2025-12-28 21:35:55 - INFO - 727    | SITE-01-G1   | -69.3    |
2025-12-28 21:35:55 - INFO - 728    | SITE-01-G1   | -69.2    |
2025-12-28 21:35:55 - INFO - 729    | SITE-01-G1   | -69.1    |
2025-12-28 21:35:55 - INFO - 730    | SITE-01-G1   | -69.0    |
2025-12-28 21:35:55 - INFO - 731    | SITE-01-G1   | -68.9    |
2025-12-28 21:35:55 - INFO - 732    | SITE-01-G1   | -68.8    |
2025-12-28 21:35:55 - INFO - 733    | SITE-01-G1   | -68.7    |
2025-12-28 21:35:55 - INFO - 734    | SITE-01-G1   | -68.6    |
2025-12-28 21:35:55 - INFO - 735    | SITE-01-G1   | -68.4    |
2025-12-28 21:35:55 - INFO - 736    | SITE-01-G1   | -68.4    |
2025-12-28 21:35:55 - INFO - 737    | SITE-01-G1   | -68.2    |
2025-12-28 21:35:55 - INFO - 738    | SITE-01-G1   | -68.1    |
2025-12-28 21:35:55 - INFO - 739    | SITE-01-G1   | -68.0    |
2025-12-28 21:35:55 - INFO - 740    | SITE-01-G1   | -67.9    |
2025-12-28 21:35:55 - INFO - 741    | SITE-01-G1   | -67.8    |
2025-12-28 21:35:55 - INFO - 742    | SITE-01-G1   | -67.7    |
2025-12-28 21:35:55 - INFO - 743    | SITE-01-G1   | -67.6    |
2025-12-28 21:35:55 - INFO - 744    | SITE-01-G1   | -67.5    |
2025-12-28 21:35:55 - INFO - 745    | SITE-01-G1   | -67.4    |
2025-12-28 21:35:55 - INFO - 746    | SITE-01-G1   | -67.3    |
2025-12-28 21:35:55 - INFO - 747    | SITE-01-G1   | -67.2    |
2025-12-28 21:35:55 - INFO - 748    | SITE-01-G1   | -67.1    |
2025-12-28 21:35:55 - INFO - 749    | SITE-01-G1   | -67.0    |
2025-12-28 21:35:55 - INFO - 750    | SITE-01-G1   | -66.9    |
2025-12-28 21:35:55 - INFO - 751    | SITE-01-G1   | -66.8    |
2025-12-28 21:35:55 - INFO - 752    | SITE-01-G1   | -66.6    |
2025-12-28 21:35:55 - INFO - 753    | SITE-01-G1   | -66.6    |
2025-12-28 21:35:55 - INFO - 754    | SITE-01-G1   | -66.5    |
2025-12-28 21:35:55 - INFO - 755    | SITE-01-G1   | -66.4    |
2025-12-28 21:35:55 - INFO - 756    | SITE-01-G1   | -66.3    |
2025-12-28 21:35:55 - INFO - 757    | SITE-01-G1   | -66.2    |
2025-12-28 21:35:55 - INFO - 758    | SITE-01-G1   | -66.0    |
2025-12-28 21:35:55 - INFO - 759    | SITE-01-G1   | -66.0    |
2025-12-28 21:35:55 - INFO - 760    | SITE-01-G1   | -65.9    |
2025-12-28 21:35:55 - INFO - 761    | SITE-01-G1   | -65.8    |
2025-12-28 21:35:55 - INFO - 762    | SITE-01-G1   | -65.7    |
2025-12-28 21:35:55 - INFO - 763    | SITE-01-G1   | -65.6    |
2025-12-28 21:35:55 - INFO - 764    | SITE-01-G1   | -65.5    |
2025-12-28 21:35:55 - INFO - 765    | SITE-01-G1   | -65.4    |
2025-12-28 21:35:55 - INFO - 766    | SITE-01-G1   | -65.3    |
2025-12-28 21:35:55 - INFO - 767    | SITE-01-G1   | -65.1    |
2025-12-28 21:35:55 - INFO - 768    | SITE-01-G1   | -65.1    |
2025-12-28 21:35:55 - INFO - 769    | SITE-01-G1   | -64.9    |
2025-12-28 21:35:55 - INFO - 770    | SITE-01-G1   | -64.9    |
2025-12-28 21:35:55 - INFO - 771    | SITE-01-G1   | -64.7    |
2025-12-28 21:35:55 - INFO - 772    | SITE-01-G1   | -64.7    |
2025-12-28 21:35:55 - INFO - 773    | SITE-01-G1   | -64.6    |
2025-12-28 21:35:55 - INFO - 774    | SITE-01-G1   | -64.5    |
2025-12-28 21:35:55 - INFO - 775    | SITE-01-G1   | -64.4    |
2025-12-28 21:35:55 - INFO - 776    | SITE-01-G1   | -64.3    |
2025-12-28 21:35:55 - INFO - 777    | SITE-01-G1   | -64.2    |
2025-12-28 21:35:55 - INFO - 778    | SITE-01-G1   | -64.1    |
2025-12-28 21:35:55 - INFO - 779    | SITE-01-G1   | -64.0    |
2025-12-28 21:35:55 - INFO - 780    | SITE-01-G1   | -63.9    |
2025-12-28 21:35:55 - INFO - 781    | SITE-01-G1   | -63.8    |
2025-12-28 21:35:55 - INFO - 782    | SITE-01-G1   | -63.7    |
2025-12-28 21:35:55 - INFO - 783    | SITE-01-G1   | -63.6    |
2025-12-28 21:35:55 - INFO - 784    | SITE-01-G1   | -63.5    |
2025-12-28 21:35:55 - INFO - 785    | SITE-01-G1   | -63.5    |
2025-12-28 21:35:55 - INFO - 786    | SITE-01-G1   | -63.3    |
2025-12-28 21:35:55 - INFO - 787    | SITE-01-G1   | -63.3    |
2025-12-28 21:35:55 - INFO - 788    | SITE-01-G1   | -63.1    |
2025-12-28 21:35:55 - INFO - 789    | SITE-01-G1   | -63.1    |
2025-12-28 21:35:55 - INFO - 790    | SITE-01-G1   | -63.0    |
2025-12-28 21:35:55 - INFO - 791    | SITE-01-G1   | -62.9    |
2025-12-28 21:35:55 - INFO - 792    | SITE-01-G1   | -62.8    |
2025-12-28 21:35:55 - INFO - 793    | SITE-01-G1   | -62.7    |
2025-12-28 21:35:55 - INFO - 794    | SITE-01-G1   | -62.6    |
2025-12-28 21:35:55 - INFO - 795    | SITE-01-G1   | -62.6    |
2025-12-28 21:35:55 - INFO - 796    | SITE-01-G1   | -62.4    |
2025-12-28 21:35:55 - INFO - 797    | SITE-01-G1   | -62.4    |
2025-12-28 21:35:55 - INFO - 798    | SITE-01-G1   | -62.3    |
2025-12-28 21:35:55 - INFO - 799    | SITE-01-G1   | -62.2    |
2025-12-28 21:35:55 - INFO - 800    | SITE-01-G1   | -62.1    |
2025-12-28 21:35:55 - INFO - 801    | SITE-01-G1   | -62.0    |
2025-12-28 21:35:55 - INFO - 802    | SITE-01-G1   | -61.9    |
2025-12-28 21:35:55 - INFO - 803    | SITE-01-G1   | -61.8    |
2025-12-28 21:35:55 - INFO - 804    | SITE-01-G1   | -61.8    |
2025-12-28 21:35:55 - INFO - 805    | SITE-01-G1   | -61.7    |
2025-12-28 21:35:55 - INFO - 806    | SITE-01-G1   | -61.6    |
2025-12-28 21:35:55 - INFO - 807    | SITE-01-G1   | -61.5    |
2025-12-28 21:35:55 - INFO - 808    | SITE-01-G1   | -61.4    |
2025-12-28 21:35:55 - INFO - 809    | SITE-01-G1   | -61.3    |
2025-12-28 21:35:55 - INFO - 810    | SITE-01-G1   | -61.3    |
2025-12-28 21:35:55 - INFO - 811    | SITE-01-G1   | -61.2    |
2025-12-28 21:35:55 - INFO - 812    | SITE-01-G1   | -61.1    |
2025-12-28 21:35:55 - INFO - 813    | SITE-01-G1   | -61.0    |
2025-12-28 21:35:55 - INFO - 814    | SITE-01-G1   | -61.0    |
2025-12-28 21:35:55 - INFO - 815    | SITE-01-G1   | -60.9    |
2025-12-28 21:35:55 - INFO - 816    | SITE-01-G1   | -60.8    |
2025-12-28 21:35:55 - INFO - 817    | SITE-01-G1   | -60.7    |
2025-12-28 21:35:55 - INFO - 818    | SITE-01-G1   | -60.6    |
2025-12-28 21:35:55 - INFO - 819    | SITE-01-G1   | -60.6    |
2025-12-28 21:35:55 - INFO - 820    | SITE-01-G1   | -60.5    |
2025-12-28 21:35:55 - INFO - 821    | SITE-01-G1   | -60.4    |
2025-12-28 21:35:55 - INFO - 822    | SITE-01-G1   | -60.3    |
2025-12-28 21:35:55 - INFO - 823    | SITE-01-G1   | -60.3    |
2025-12-28 21:35:55 - INFO - 824    | SITE-01-G1   | -60.2    |
2025-12-28 21:35:55 - INFO - 825    | SITE-01-G1   | -60.2    |
2025-12-28 21:35:55 - INFO - 826    | SITE-01-G1   | -60.1    |
2025-12-28 21:35:55 - INFO - 827    | SITE-01-G1   | -60.0    |
2025-12-28 21:35:55 - INFO - 828    | SITE-01-G1   | -59.9    |
2025-12-28 21:35:55 - INFO - 829    | SITE-01-G1   | -59.9    |
2025-12-28 21:35:55 - INFO - 830    | SITE-01-G1   | -59.8    |
2025-12-28 21:35:55 - INFO - 831    | SITE-01-G1   | -59.7    |
2025-12-28 21:35:55 - INFO - 832    | SITE-01-G1   | -59.7    |
2025-12-28 21:35:55 - INFO - 833    | SITE-01-G1   | -59.6    |
2025-12-28 21:35:55 - INFO - 834    | SITE-01-G1   | -59.5    |
2025-12-28 21:35:55 - INFO - 835    | SITE-01-G1   | -59.4    |
2025-12-28 21:35:55 - INFO - 836    | SITE-01-G1   | -59.4    |
2025-12-28 21:35:55 - INFO - 837    | SITE-01-G1   | -59.3    |
2025-12-28 21:35:55 - INFO - 838    | SITE-01-G1   | -59.3    |
2025-12-28 21:35:55 - INFO - 839    | SITE-01-G1   | -59.2    |
2025-12-28 21:35:55 - INFO - 840    | SITE-01-G1   | -59.2    |
2025-12-28 21:35:55 - INFO - 841    | SITE-01-G1   | -59.1    |
2025-12-28 21:35:55 - INFO - 842    | SITE-01-G1   | -59.0    |
2025-12-28 21:35:55 - INFO - 843    | SITE-01-G1   | -59.0    |
2025-12-28 21:35:55 - INFO - 844    | SITE-01-G1   | -58.9    |
2025-12-28 21:35:55 - INFO - 845    | SITE-01-G1   | -58.8    |
2025-12-28 21:35:55 - INFO - 846    | SITE-01-G1   | -58.8    |
2025-12-28 21:35:55 - INFO - 847    | SITE-01-G1   | -58.7    |
2025-12-28 21:35:55 - INFO - 848    | SITE-01-G1   | -58.7    |
2025-12-28 21:35:55 - INFO - 849    | SITE-01-G1   | -58.6    |
2025-12-28 21:35:55 - INFO - 850    | SITE-01-G1   | -58.5    |
2025-12-28 21:35:55 - INFO - 851    | SITE-01-G1   | -58.5    |
2025-12-28 21:35:55 - INFO - 852    | SITE-01-G1   | -58.4    |
2025-12-28 21:35:55 - INFO - 853    | SITE-01-G1   | -58.4    |
2025-12-28 21:35:55 - INFO - 854    | SITE-01-G1   | -58.3    |
2025-12-28 21:35:55 - INFO - 855    | SITE-01-G1   | -58.3    |
2025-12-28 21:35:55 - INFO - 856    | SITE-01-G1   | -58.2    |
2025-12-28 21:35:55 - INFO - 857    | SITE-01-G1   | -58.2    |
2025-12-28 21:35:55 - INFO - 858    | SITE-01-G1   | -58.1    |
2025-12-28 21:35:55 - INFO - 859    | SITE-01-G1   | -58.1    |
2025-12-28 21:35:55 - INFO - 860    | SITE-01-G1   | -58.1    |
2025-12-28 21:35:55 - INFO - 861    | SITE-01-G1   | -58.0    |
2025-12-28 21:35:55 - INFO - 862    | SITE-01-G1   | -58.0    |
2025-12-28 21:35:55 - INFO - 863    | SITE-01-G1   | -57.9    |
2025-12-28 21:35:55 - INFO - 864    | SITE-01-G1   | -57.9    |
2025-12-28 21:35:55 - INFO - 865    | SITE-01-G1   | -57.8    |
2025-12-28 21:35:55 - INFO - 866    | SITE-01-G1   | -57.8    |
2025-12-28 21:35:55 - INFO - 867    | SITE-01-G1   | -57.7    |
2025-12-28 21:35:55 - INFO - 868    | SITE-01-G1   | -57.7    |
2025-12-28 21:35:55 - INFO - 869    | SITE-01-G1   | -57.6    |
2025-12-28 21:35:55 - INFO - 870    | SITE-01-G1   | -57.6    |
2025-12-28 21:35:55 - INFO - 871    | SITE-01-G1   | -57.6    |
2025-12-28 21:35:55 - INFO - 872    | SITE-01-G1   | -57.5    |
2025-12-28 21:35:55 - INFO - 873    | SITE-01-G1   | -57.5    |
2025-12-28 21:35:55 - INFO - 874    | SITE-01-G1   | -57.5    |
2025-12-28 21:35:55 - INFO - 875    | SITE-01-G1   | -57.4    |
2025-12-28 21:35:55 - INFO - 876    | SITE-01-G1   | -57.4    |
2025-12-28 21:35:55 - INFO - 877    | SITE-01-G1   | -57.3    |
2025-12-28 21:35:55 - INFO - 878    | SITE-01-G1   | -57.3    |
2025-12-28 21:35:55 - INFO - 879    | SITE-01-G1   | -57.3    |
2025-12-28 21:35:55 - INFO - 880    | SITE-01-G1   | -57.2    |
2025-12-28 21:35:55 - INFO - 881    | SITE-01-G1   | -57.2    |
2025-12-28 21:35:55 - INFO - 882    | SITE-01-G1   | -57.2    |
2025-12-28 21:35:55 - INFO - 883    | SITE-01-G1   | -57.1    |
2025-12-28 21:35:55 - INFO - 884    | SITE-01-G1   | -57.1    |
2025-12-28 21:35:55 - INFO - 885    | SITE-01-G1   | -57.1    |
2025-12-28 21:35:55 - INFO - 886    | SITE-01-G1   | -57.0    |
2025-12-28 21:35:55 - INFO - 887    | SITE-01-G1   | -57.0    |
2025-12-28 21:35:55 - INFO - 888    | SITE-01-G1   | -57.0    |
2025-12-28 21:35:55 - INFO - 889    | SITE-01-G1   | -57.0    |
2025-12-28 21:35:55 - INFO - 890    | SITE-01-G1   | -56.9    |
2025-12-28 21:35:55 - INFO - 891    | SITE-01-N1   | -56.9    | RESELECTION
2025-12-28 21:35:55 - INFO - 896    | SITE-01-G1   | -56.8    |
2025-12-28 21:35:55 - INFO - 897    | SITE-01-G1   | -56.7    |
2025-12-28 21:35:55 - INFO - 898    | SITE-01-G1   | -56.7    |
2025-12-28 21:35:55 - INFO - 899    | SITE-01-G1   | -56.7    |
2025-12-28 21:35:55 - INFO - 900    | SITE-01-G1   | -56.7    |
2025-12-28 21:35:55 - INFO - 901    | SITE-01-G1   | -56.6    |
2025-12-28 21:35:55 - INFO - 902    | SITE-01-G1   | -56.6    |
2025-12-28 21:35:55 - INFO - 903    | SITE-01-G1   | -56.6    |
2025-12-28 21:35:55 - INFO - 904    | SITE-01-G1   | -56.6    |
2025-12-28 21:35:55 - INFO - 905    | SITE-01-G1   | -56.6    |
2025-12-28 21:35:55 - INFO - 906    | SITE-01-G1   | -56.6    |
2025-12-28 21:35:55 - INFO - 907    | SITE-01-G1   | -56.5    |
2025-12-28 21:35:55 - INFO - 908    | SITE-01-G1   | -56.5    |
2025-12-28 21:35:55 - INFO - 909    | SITE-01-G1   | -56.5    |
2025-12-28 21:35:55 - INFO - 910    | SITE-01-G1   | -56.5    |
2025-12-28 21:35:55 - INFO - 911    | SITE-01-G1   | -56.5    |
2025-12-28 21:35:55 - INFO - 912    | SITE-01-G1   | -56.5    |
2025-12-28 21:35:55 - INFO - 913    | SITE-01-G1   | -56.4    |
2025-12-28 21:35:55 - INFO - 914    | SITE-01-G1   | -56.4    |
2025-12-28 21:35:55 - INFO - 915    | SITE-01-G1   | -56.4    |
2025-12-28 21:35:55 - INFO - 916    | SITE-01-G1   | -56.4    |
2025-12-28 21:35:55 - INFO - 917    | SITE-01-G1   | -56.4    |
2025-12-28 21:35:55 - INFO - 918    | SITE-01-G1   | -56.4    |
2025-12-28 21:35:55 - INFO - 919    | SITE-01-G1   | -56.4    |
2025-12-28 21:35:55 - INFO - 920    | SITE-01-G1   | -56.4    |
2025-12-28 21:35:55 - INFO - 921    | SITE-01-G1   | -56.4    |
2025-12-28 21:35:55 - INFO - 922    | SITE-01-G1   | -56.3    |
2025-12-28 21:35:55 - INFO - 923    | SITE-01-G1   | -56.3    |
2025-12-28 21:35:55 - INFO - 924    | SITE-01-G1   | -56.3    |
2025-12-28 21:35:55 - INFO - 925    | SITE-01-G1   | -56.3    |
2025-12-28 21:35:55 - INFO - 926    | SITE-01-G1   | -56.3    |
2025-12-28 21:35:55 - INFO - 927    | SITE-01-G1   | -56.3    |
2025-12-28 21:35:55 - INFO - 928    | SITE-01-G1   | -56.3    |
2025-12-28 21:35:55 - INFO - 929    | SITE-01-G1   | -56.3    |
2025-12-28 21:35:55 - INFO - 930    | SITE-01-G1   | -56.3    |
2025-12-28 21:35:55 - INFO - 931    | SITE-01-G1   | -56.3    |
2025-12-28 21:35:55 - INFO - 932    | SITE-01-G1   | -56.3    |
2025-12-28 21:35:55 - INFO - 933    | SITE-01-G1   | -56.3    |
2025-12-28 21:35:55 - INFO - 934    | SITE-01-G1   | -56.3    |
2025-12-28 21:35:55 - INFO - 935    | SITE-01-G1   | -56.3    |
2025-12-28 21:35:55 - INFO - 936    | SITE-01-G1   | -56.3    |
2025-12-28 21:35:55 - INFO - 937    | SITE-01-G1   | -56.3    |
2025-12-28 21:35:55 - INFO - 938    | SITE-01-G1   | -56.2    |
2025-12-28 21:35:55 - INFO - 939    | SITE-01-G1   | -56.2    |
2025-12-28 21:35:55 - INFO - 940    | SITE-01-G1   | -56.3    |
2025-12-28 21:35:55 - INFO - 941    | SITE-01-G1   | -56.2    |
2025-12-28 21:35:55 - INFO - 942    | SITE-01-G1   | -56.2    |
2025-12-28 21:35:55 - INFO - 943    | SITE-01-G1   | -56.3    |
2025-12-28 21:35:55 - INFO - 944    | SITE-01-G1   | -56.3    |
2025-12-28 21:35:55 - INFO - 945    | SITE-01-G1   | -56.2    |
2025-12-28 21:35:55 - INFO - 946    | SITE-01-G1   | -56.2    |
2025-12-28 21:35:55 - INFO - 947    | SITE-01-G1   | -56.3    |
2025-12-28 21:35:55 - INFO - 948    | SITE-01-G1   | -56.3    |
2025-12-28 21:35:55 - INFO - 949    | SITE-01-G1   | -56.3    |
2025-12-28 21:35:55 - INFO - 950    | SITE-01-G1   | -56.3    |
2025-12-28 21:35:55 - INFO - 951    | SITE-01-G1   | -56.3    |
2025-12-28 21:35:55 - INFO - 952    | SITE-01-G1   | -56.3    |
2025-12-28 21:35:55 - INFO - 953    | SITE-01-G1   | -56.3    |
2025-12-28 21:35:55 - INFO - 954    | SITE-01-G1   | -56.3    |
2025-12-28 21:35:55 - INFO - 955    | SITE-01-G1   | -56.3    |
2025-12-28 21:35:55 - INFO - 956    | SITE-01-G1   | -56.3    |
2025-12-28 21:35:55 - INFO - 957    | SITE-01-G1   | -56.3    |
2025-12-28 21:35:55 - INFO - 958    | SITE-01-G1   | -56.3    |
2025-12-28 21:35:55 - INFO - 959    | SITE-01-G1   | -56.3    |
2025-12-28 21:35:55 - INFO - 960    | SITE-01-G1   | -56.3    |
2025-12-28 21:35:55 - INFO - 961    | SITE-01-G1   | -56.3    |
2025-12-28 21:35:55 - INFO - 962    | SITE-01-G1   | -56.3    |
2025-12-28 21:35:55 - INFO - 963    | SITE-01-G1   | -56.3    |
2025-12-28 21:35:55 - INFO - 964    | SITE-01-G1   | -56.3    |
2025-12-28 21:35:55 - INFO - 965    | SITE-01-G1   | -56.3    |
2025-12-28 21:35:55 - INFO - 966    | SITE-01-G1   | -56.4    |
2025-12-28 21:35:55 - INFO - 967    | SITE-01-G1   | -56.4    |
2025-12-28 21:35:55 - INFO - 968    | SITE-01-G1   | -56.4    |
2025-12-28 21:35:55 - INFO - 969    | SITE-01-G1   | -56.4    |
2025-12-28 21:35:55 - INFO - 970    | SITE-01-G1   | -56.4    |
2025-12-28 21:35:55 - INFO - 971    | SITE-01-G1   | -56.4    |
2025-12-28 21:35:55 - INFO - 972    | SITE-01-G1   | -56.4    |
2025-12-28 21:35:55 - INFO - 973    | SITE-01-G1   | -56.4    |
2025-12-28 21:35:55 - INFO - 974    | SITE-01-G1   | -56.4    |
2025-12-28 21:35:55 - INFO - 975    | SITE-01-G1   | -56.4    |
2025-12-28 21:35:55 - INFO - 976    | SITE-01-G1   | -56.5    |
2025-12-28 21:35:55 - INFO - 977    | SITE-01-G1   | -56.5    |
2025-12-28 21:35:55 - INFO - 978    | SITE-01-G1   | -56.5    |
2025-12-28 21:35:55 - INFO - 979    | SITE-01-G1   | -56.5    |
2025-12-28 21:35:55 - INFO - 980    | SITE-01-G1   | -56.5    |
2025-12-28 21:35:55 - INFO - 981    | SITE-01-G1   | -56.5    |
2025-12-28 21:35:55 - INFO - 982    | SITE-01-G1   | -56.5    |
2025-12-28 21:35:55 - INFO - 983    | SITE-01-G1   | -56.5    |
2025-12-28 21:35:55 - INFO - 984    | SITE-01-G1   | -56.5    |
2025-12-28 21:35:55 - INFO - 985    | SITE-01-G1   | -56.6    |
2025-12-28 21:35:55 - INFO - 986    | SITE-01-G1   | -56.6    |
2025-12-28 21:35:55 - INFO - 987    | SITE-01-G1   | -56.6    |
2025-12-28 21:35:55 - INFO - 988    | SITE-01-G1   | -56.6    |
2025-12-28 21:35:55 - INFO - 989    | SITE-01-G1   | -56.6    |
2025-12-28 21:35:55 - INFO - 990    | SITE-01-G1   | -56.6    |
2025-12-28 21:35:55 - INFO - 991    | SITE-01-G1   | -56.6    |
2025-12-28 21:35:55 - INFO - 992    | SITE-01-G1   | -56.7    |
2025-12-28 21:35:55 - INFO - 993    | SITE-01-G1   | -56.7    |
2025-12-28 21:35:55 - INFO - 994    | SITE-01-G1   | -56.7    |
2025-12-28 21:35:55 - INFO - 995    | SITE-01-G1   | -56.7    |
2025-12-28 21:35:55 - INFO - 996    | SITE-01-G1   | -56.7    |
2025-12-28 21:35:55 - INFO - 997    | SITE-01-G1   | -56.7    |
2025-12-28 21:35:55 - INFO - 998    | SITE-01-G1   | -56.8    |
2025-12-28 21:35:55 - INFO - 999    | SITE-01-G1   | -56.8    |
2025-12-28 21:35:55 - INFO - 1000   | SITE-01-G1   | -56.8    |
2025-12-28 21:35:55 - INFO - 1001   | SITE-01-G1   | -56.8    |
2025-12-28 21:35:55 - INFO - 1002   | SITE-01-G1   | -56.8    |
2025-12-28 21:35:55 - INFO - 1003   | SITE-01-G1   | -56.8    |
2025-12-28 21:35:55 - INFO - 1004   | SITE-01-G1   | -56.9    |
2025-12-28 21:35:55 - INFO - 1005   | SITE-01-G1   | -56.9    |
2025-12-28 21:35:55 - INFO - 1006   | SITE-01-G1   | -56.9    |
2025-12-28 21:35:55 - INFO - 1007   | SITE-01-G1   | -56.9    |
2025-12-28 21:35:55 - INFO - 1008   | SITE-01-G1   | -56.9    |
2025-12-28 21:35:55 - INFO - 1009   | SITE-01-G1   | -57.0    |
2025-12-28 21:35:55 - INFO - 1010   | SITE-01-G1   | -57.0    |
2025-12-28 21:35:55 - INFO - 1011   | SITE-01-G1   | -57.0    |
2025-12-28 21:35:55 - INFO - 1012   | SITE-01-G1   | -57.0    |
2025-12-28 21:35:55 - INFO - 1013   | SITE-01-G1   | -57.0    |
2025-12-28 21:35:55 - INFO - 1014   | SITE-01-G1   | -57.1    |
2025-12-28 21:35:55 - INFO - 1015   | SITE-01-G1   | -57.1    |
2025-12-28 21:35:55 - INFO - 1016   | SITE-01-G1   | -57.1    |
2025-12-28 21:35:55 - INFO - 1017   | SITE-01-G1   | -57.1    |
2025-12-28 21:35:55 - INFO - 1018   | SITE-01-G1   | -57.1    |
2025-12-28 21:35:55 - INFO - 1019   | SITE-01-G1   | -57.2    |
2025-12-28 21:35:55 - INFO - 1020   | SITE-01-G1   | -57.2    |
2025-12-28 21:35:55 - INFO - 1021   | SITE-01-G1   | -57.2    |
2025-12-28 21:35:55 - INFO - 1022   | SITE-01-G1   | -57.2    |
2025-12-28 21:35:55 - INFO - 1023   | SITE-01-G1   | -57.2    |
2025-12-28 21:35:55 - INFO - 1024   | SITE-01-G1   | -57.3    |
2025-12-28 21:35:55 - INFO - 1025   | SITE-01-G1   | -57.3    |
2025-12-28 21:35:55 - INFO - 1026   | SITE-01-G1   | -57.3    |
2025-12-28 21:35:55 - INFO - 1027   | SITE-01-G1   | -57.3    |
2025-12-28 21:35:55 - INFO - 1028   | SITE-01-G1   | -57.3    |
2025-12-28 21:35:55 - INFO - 1029   | SITE-01-G1   | -57.4    |
2025-12-28 21:35:55 - INFO - 1030   | SITE-01-G1   | -57.4    |
2025-12-28 21:35:55 - INFO - 1031   | SITE-01-G1   | -57.4    |
2025-12-28 21:35:55 - INFO - 1032   | SITE-01-G1   | -57.4    |
2025-12-28 21:35:55 - INFO - 1033   | SITE-01-G1   | -57.5    |
2025-12-28 21:35:55 - INFO - 1034   | SITE-01-G1   | -57.5    |
2025-12-28 21:35:55 - INFO - 1035   | SITE-01-G1   | -57.5    |
2025-12-28 21:35:55 - INFO - 1036   | SITE-01-G1   | -57.5    |
2025-12-28 21:35:55 - INFO - 1037   | SITE-01-G1   | -57.5    |
2025-12-28 21:35:55 - INFO - 1038   | SITE-01-G1   | -57.6    |
2025-12-28 21:35:55 - INFO - 1039   | SITE-01-G1   | -57.6    |
2025-12-28 21:35:55 - INFO - 1040   | SITE-01-G1   | -57.6    |
2025-12-28 21:35:55 - INFO - 1041   | SITE-01-G1   | -57.6    |
2025-12-28 21:35:55 - INFO - 1042   | SITE-01-G1   | -57.6    |
2025-12-28 21:35:55 - INFO - 1043   | SITE-01-G1   | -57.7    |
2025-12-28 21:35:55 - INFO - 1044   | SITE-01-G1   | -57.7    |
2025-12-28 21:35:55 - INFO - 1045   | SITE-01-G1   | -57.7    |
2025-12-28 21:35:55 - INFO - 1046   | SITE-01-G1   | -57.7    |
2025-12-28 21:35:55 - INFO - 1047   | SITE-01-G1   | -57.7    |
2025-12-28 21:35:55 - INFO - 1048   | SITE-01-G1   | -57.7    |
2025-12-28 21:35:55 - INFO - 1049   | SITE-01-G1   | -57.7    |
2025-12-28 21:35:55 - INFO - 1050   | SITE-01-G1   | -57.7    |
2025-12-28 21:35:55 - INFO - 1051   | SITE-01-G1   | -57.7    |
2025-12-28 21:35:55 - INFO - 1052   | SITE-01-G1   | -57.7    |
2025-12-28 21:35:55 - INFO - 1053   | SITE-01-G1   | -57.7    |
2025-12-28 21:35:55 - INFO - 1054   | SITE-01-G1   | -57.7    |
2025-12-28 21:35:55 - INFO - 1055   | SITE-01-G1   | -57.7    |
2025-12-28 21:35:55 - INFO - 1056   | SITE-01-G1   | -57.7    |
2025-12-28 21:35:55 - INFO - 1057   | SITE-01-G1   | -57.7    |
2025-12-28 21:35:55 - INFO - 1058   | SITE-01-G1   | -57.7    |
2025-12-28 21:35:55 - INFO - 1059   | SITE-01-G1   | -57.7    |
2025-12-28 21:35:55 - INFO - 1060   | SITE-01-G1   | -57.7    |
2025-12-28 21:35:55 - INFO - 1061   | SITE-01-G1   | -57.7    |
2025-12-28 21:35:55 - INFO - 1062   | SITE-01-G1   | -57.7    |
2025-12-28 21:35:55 - INFO - 1063   | SITE-01-G1   | -57.7    |
2025-12-28 21:35:55 - INFO - 1064   | SITE-01-G1   | -57.7    |
2025-12-28 21:35:55 - INFO - 1065   | SITE-01-G1   | -57.7    |
2025-12-28 21:35:55 - INFO - 1066   | SITE-01-G1   | -57.7    |
2025-12-28 21:35:55 - INFO - 1067   | SITE-01-G1   | -57.8    |
2025-12-28 21:35:55 - INFO - 1068   | SITE-01-G1   | -57.7    |
2025-12-28 21:35:55 - INFO - 1069   | SITE-01-G1   | -57.8    |
2025-12-28 21:35:55 - INFO - 1070   | SITE-01-G1   | -57.8    |
2025-12-28 21:35:55 - INFO - 1071   | SITE-01-G1   | -57.8    |
2025-12-28 21:35:55 - INFO - 1072   | SITE-01-G1   | -57.8    |
2025-12-28 21:35:55 - INFO - 1073   | SITE-01-N1   | -57.8    | RESELECTION
2025-12-28 21:35:55 - INFO - 1111   | SITE-01-G1   | -58.2    |
2025-12-28 21:35:55 - INFO - 1112   | SITE-01-G1   | -58.2    |
2025-12-28 21:35:55 - INFO - 1113   | SITE-01-G1   | -58.2    |
2025-12-28 21:35:55 - INFO - 1114   | SITE-01-G1   | -58.3    |
2025-12-28 21:35:55 - INFO - 1115   | SITE-01-G1   | -58.3    |
2025-12-28 21:35:55 - INFO - 1116   | SITE-01-G1   | -58.3    |
2025-12-28 21:35:55 - INFO - 1117   | SITE-01-G1   | -58.3    |
2025-12-28 21:35:55 - INFO - 1118   | SITE-01-G1   | -58.3    |
2025-12-28 21:35:55 - INFO - 1119   | SITE-01-G1   | -58.4    |
2025-12-28 21:35:55 - INFO - 1120   | SITE-01-G1   | -58.4    |
2025-12-28 21:35:55 - INFO - 1121   | SITE-01-G1   | -58.4    |
2025-12-28 21:35:55 - INFO - 1122   | SITE-01-G1   | -58.4    |
2025-12-28 21:35:55 - INFO - 1123   | SITE-01-G1   | -58.5    |
2025-12-28 21:35:55 - INFO - 1124   | SITE-01-G1   | -58.5    |
2025-12-28 21:35:55 - INFO - 1125   | SITE-01-G1   | -58.5    |
2025-12-28 21:35:55 - INFO - 1126   | SITE-01-G1   | -58.5    |
2025-12-28 21:35:55 - INFO - 1127   | SITE-01-G1   | -58.5    |
2025-12-28 21:35:55 - INFO - 1128   | SITE-01-G1   | -58.5    |
2025-12-28 21:35:55 - INFO - 1129   | SITE-01-G1   | -58.6    |
2025-12-28 21:35:55 - INFO - 1130   | SITE-01-G1   | -58.6    |
2025-12-28 21:35:55 - INFO - 1131   | SITE-01-G1   | -58.6    |
2025-12-28 21:35:55 - INFO - 1132   | SITE-01-G1   | -58.6    |
2025-12-28 21:35:55 - INFO - 1133   | SITE-01-G1   | -58.7    |
2025-12-28 21:35:55 - INFO - 1134   | SITE-01-G1   | -58.7    |
2025-12-28 21:35:55 - INFO - 1135   | SITE-01-G1   | -58.7    |
2025-12-28 21:35:55 - INFO - 1136   | SITE-01-G1   | -58.8    |
2025-12-28 21:35:55 - INFO - 1137   | SITE-01-G1   | -58.8    |
2025-12-28 21:35:55 - INFO - 1138   | SITE-01-G1   | -58.8    |
2025-12-28 21:35:55 - INFO - 1139   | SITE-01-G1   | -58.8    |
2025-12-28 21:35:55 - INFO - 1140   | SITE-01-G1   | -58.9    |
2025-12-28 21:35:55 - INFO - 1141   | SITE-01-G1   | -58.9    |
2025-12-28 21:35:55 - INFO - 1142   | SITE-01-G1   | -58.9    |
2025-12-28 21:35:55 - INFO - 1143   | SITE-01-G1   | -58.9    |
2025-12-28 21:35:55 - INFO - 1144   | SITE-01-G1   | -59.0    |
2025-12-28 21:35:55 - INFO - 1145   | SITE-01-G1   | -59.0    |
2025-12-28 21:35:55 - INFO - 1146   | SITE-01-G1   | -59.0    |
2025-12-28 21:35:55 - INFO - 1147   | SITE-01-G1   | -59.0    |
2025-12-28 21:35:55 - INFO - 1148   | SITE-01-G1   | -59.1    |
2025-12-28 21:35:55 - INFO - 1149   | SITE-01-G1   | -59.1    |
2025-12-28 21:35:55 - INFO - 1150   | SITE-01-G1   | -59.1    |
2025-12-28 21:35:55 - INFO - 1151   | SITE-01-G1   | -59.2    |
2025-12-28 21:35:55 - INFO - 1152   | SITE-01-G1   | -59.2    |
2025-12-28 21:35:55 - INFO - 1153   | SITE-01-G1   | -59.2    |
2025-12-28 21:35:55 - INFO - 1154   | SITE-01-G1   | -59.2    |
2025-12-28 21:35:55 - INFO - 1155   | SITE-01-G1   | -59.3    |
2025-12-28 21:35:55 - INFO - 1156   | SITE-01-G1   | -59.3    |
2025-12-28 21:35:55 - INFO - 1157   | SITE-01-G1   | -59.3    |
2025-12-28 21:35:55 - INFO - 1158   | SITE-01-G1   | -59.4    |
2025-12-28 21:35:55 - INFO - 1159   | SITE-01-G1   | -59.4    |
2025-12-28 21:35:55 - INFO - 1160   | SITE-01-G1   | -59.4    |
2025-12-28 21:35:55 - INFO - 1161   | SITE-01-G1   | -59.5    |
2025-12-28 21:35:55 - INFO - 1162   | SITE-01-G1   | -59.5    |
2025-12-28 21:35:55 - INFO - 1163   | SITE-01-G1   | -59.5    |
2025-12-28 21:35:55 - INFO - 1164   | SITE-01-G1   | -59.6    |
2025-12-28 21:35:55 - INFO - 1165   | SITE-01-G1   | -59.6    |
2025-12-28 21:35:55 - INFO - 1166   | SITE-01-G1   | -59.6    |
2025-12-28 21:35:55 - INFO - 1167   | SITE-01-G1   | -59.7    |
2025-12-28 21:35:55 - INFO - 1168   | SITE-01-G1   | -59.7    |
2025-12-28 21:35:55 - INFO - 1169   | SITE-01-G1   | -59.7    |
2025-12-28 21:35:55 - INFO - 1170   | SITE-01-G1   | -59.8    |
2025-12-28 21:35:55 - INFO - 1171   | SITE-01-G1   | -59.8    |
2025-12-28 21:35:55 - INFO - 1172   | SITE-01-G1   | -59.8    |
2025-12-28 21:35:55 - INFO - 1173   | SITE-01-G1   | -59.9    |
2025-12-28 21:35:55 - INFO - 1174   | SITE-01-G1   | -59.9    |
2025-12-28 21:35:55 - INFO - 1175   | SITE-01-G1   | -59.9    |
2025-12-28 21:35:55 - INFO - 1176   | SITE-01-G1   | -60.0    |
2025-12-28 21:35:55 - INFO - 1177   | SITE-01-G1   | -60.0    |
2025-12-28 21:35:55 - INFO - 1178   | SITE-01-G1   | -60.0    |
2025-12-28 21:35:55 - INFO - 1179   | SITE-01-G1   | -60.1    |
2025-12-28 21:35:55 - INFO - 1180   | SITE-01-G1   | -60.1    |
2025-12-28 21:35:55 - INFO - 1181   | SITE-01-G1   | -60.2    |
2025-12-28 21:35:55 - INFO - 1182   | SITE-01-G1   | -60.2    |
2025-12-28 21:35:55 - INFO - 1183   | SITE-01-G1   | -60.2    |
2025-12-28 21:35:55 - INFO - 1184   | SITE-01-G1   | -60.3    |
2025-12-28 21:35:55 - INFO - 1185   | SITE-01-G1   | -60.3    |
2025-12-28 21:35:55 - INFO - 1186   | SITE-01-G1   | -60.3    |
2025-12-28 21:35:55 - INFO - 1187   | SITE-01-G1   | -60.4    |
2025-12-28 21:35:55 - INFO - 1188   | SITE-01-G1   | -60.4    |
2025-12-28 21:35:55 - INFO - 1189   | SITE-01-G1   | -60.5    |
2025-12-28 21:35:55 - INFO - 1190   | SITE-01-G1   | -60.5    |
2025-12-28 21:35:55 - INFO - 1191   | SITE-01-G1   | -60.5    |
2025-12-28 21:35:55 - INFO - 1192   | SITE-01-G1   | -60.6    |
2025-12-28 21:35:55 - INFO - 1193   | SITE-01-G1   | -60.6    |
2025-12-28 21:35:55 - INFO - 1194   | SITE-01-G1   | -60.6    |
2025-12-28 21:35:55 - INFO - 1195   | SITE-01-G1   | -60.7    |
2025-12-28 21:35:55 - INFO - 1196   | SITE-01-G1   | -60.7    |
2025-12-28 21:35:55 - INFO - 1197   | SITE-01-G1   | -60.8    |
2025-12-28 21:35:55 - INFO - 1198   | SITE-01-G1   | -60.8    |
2025-12-28 21:35:55 - INFO - 1199   | SITE-01-G1   | -60.8    |
2025-12-28 21:35:55 - INFO - 1200   | SITE-01-G1   | -60.9    |
2025-12-28 21:35:55 - INFO - 1201   | SITE-01-G1   | -60.9    |
2025-12-28 21:35:55 - INFO - 1202   | SITE-01-G1   | -61.0    |
2025-12-28 21:35:55 - INFO - 1203   | SITE-01-G1   | -61.0    |
2025-12-28 21:35:55 - INFO - 1204   | SITE-01-G1   | -61.1    |
2025-12-28 21:35:55 - INFO - 1205   | SITE-01-G1   | -61.1    |
2025-12-28 21:35:55 - INFO - 1206   | SITE-01-G1   | -61.1    |
2025-12-28 21:35:55 - INFO - 1207   | SITE-01-G1   | -61.2    |
2025-12-28 21:35:55 - INFO - 1208   | SITE-01-G1   | -61.2    |
2025-12-28 21:35:55 - INFO - 1209   | SITE-01-G1   | -61.3    |
2025-12-28 21:35:55 - INFO - 1210   | SITE-01-G1   | -61.3    |
2025-12-28 21:35:55 - INFO - 1211   | SITE-01-G1   | -61.3    |
2025-12-28 21:35:55 - INFO - 1212   | SITE-01-G1   | -61.4    |
2025-12-28 21:35:55 - INFO - 1213   | SITE-01-G1   | -61.4    |
2025-12-28 21:35:55 - INFO - 1214   | SITE-01-G1   | -61.5    |
2025-12-28 21:35:55 - INFO - 1215   | SITE-01-G1   | -61.5    |
2025-12-28 21:35:55 - INFO - 1216   | SITE-01-G1   | -61.6    |
2025-12-28 21:35:55 - INFO - 1217   | SITE-01-G1   | -61.6    |
2025-12-28 21:35:55 - INFO - 1218   | SITE-01-G1   | -61.6    |
2025-12-28 21:35:55 - INFO - 1219   | SITE-01-G1   | -61.7    |
2025-12-28 21:35:55 - INFO - 1220   | SITE-01-G1   | -61.7    |
2025-12-28 21:35:55 - INFO - 1221   | SITE-01-G1   | -61.8    |
2025-12-28 21:35:55 - INFO - 1222   | SITE-01-G1   | -61.8    |
2025-12-28 21:35:55 - INFO - 1223   | SITE-01-G1   | -61.9    |
2025-12-28 21:35:55 - INFO - 1224   | SITE-01-G1   | -61.9    |
2025-12-28 21:35:55 - INFO - 1225   | SITE-01-G1   | -62.0    |
2025-12-28 21:35:55 - INFO - 1226   | SITE-01-G1   | -62.0    |
2025-12-28 21:35:55 - INFO - 1227   | SITE-01-G1   | -62.0    |
2025-12-28 21:35:55 - INFO - 1228   | SITE-01-G1   | -62.1    |
2025-12-28 21:35:55 - INFO - 1229   | SITE-01-G1   | -62.1    |
2025-12-28 21:35:55 - INFO - 1230   | SITE-01-G1   | -62.2    |
2025-12-28 21:35:55 - INFO - 1231   | SITE-01-G1   | -62.2    |
2025-12-28 21:35:55 - INFO - 1232   | SITE-01-G1   | -62.3    |
2025-12-28 21:35:55 - INFO - 1233   | SITE-01-G1   | -62.3    |
2025-12-28 21:35:55 - INFO - 1234   | SITE-01-G1   | -62.4    |
2025-12-28 21:35:55 - INFO - 1235   | SITE-01-G1   | -62.4    |
2025-12-28 21:35:55 - INFO - 1236   | SITE-01-G1   | -62.5    |
2025-12-28 21:35:55 - INFO - 1237   | SITE-01-G1   | -62.5    |
2025-12-28 21:35:55 - INFO - 1238   | SITE-01-G1   | -62.6    |
2025-12-28 21:35:55 - INFO - 1239   | SITE-01-G1   | -62.6    |
2025-12-28 21:35:55 - INFO - 1240   | SITE-01-G1   | -62.6    |
2025-12-28 21:35:55 - INFO - 1241   | SITE-01-G1   | -62.7    |
2025-12-28 21:35:55 - INFO - 1242   | SITE-01-G1   | -62.7    |
2025-12-28 21:35:55 - INFO - 1243   | SITE-01-G1   | -62.8    |
2025-12-28 21:35:55 - INFO - 1244   | SITE-01-G1   | -62.8    |
2025-12-28 21:35:55 - INFO - 1245   | SITE-01-G1   | -62.9    |
2025-12-28 21:35:55 - INFO - 1246   | SITE-01-G1   | -62.9    |
2025-12-28 21:35:55 - INFO - 1247   | SITE-01-G1   | -63.0    |
2025-12-28 21:35:55 - INFO - 1248   | SITE-01-G1   | -63.0    |
2025-12-28 21:35:55 - INFO - 1249   | SITE-01-G1   | -63.1    |
2025-12-28 21:35:55 - INFO - 1250   | SITE-01-G1   | -63.1    |
2025-12-28 21:35:55 - INFO - 1251   | SITE-01-G1   | -63.2    |
2025-12-28 21:35:55 - INFO - 1252   | SITE-01-G1   | -63.2    |
2025-12-28 21:35:55 - INFO - 1253   | SITE-01-G1   | -63.3    |
2025-12-28 21:35:55 - INFO - 1254   | SITE-01-G1   | -63.3    |
2025-12-28 21:35:55 - INFO - 1255   | SITE-01-G1   | -63.4    |
2025-12-28 21:35:55 - INFO - 1256   | SITE-01-G1   | -63.4    |
2025-12-28 21:35:55 - INFO - 1257   | SITE-01-G1   | -63.4    |
2025-12-28 21:35:55 - INFO - 1258   | SITE-01-G1   | -63.5    |
2025-12-28 21:35:55 - INFO - 1259   | SITE-01-G1   | -63.5    |
2025-12-28 21:35:55 - INFO - 1260   | SITE-01-G1   | -63.6    |
2025-12-28 21:35:55 - INFO - 1261   | SITE-01-G1   | -63.6    |
2025-12-28 21:35:55 - INFO - 1262   | SITE-01-G1   | -63.7    |
2025-12-28 21:35:55 - INFO - 1263   | SITE-01-G1   | -63.7    |
2025-12-28 21:35:55 - INFO - 1264   | SITE-01-G1   | -63.8    |
2025-12-28 21:35:55 - INFO - 1265   | SITE-01-G1   | -63.8    |
2025-12-28 21:35:55 - INFO - 1266   | SITE-01-G1   | -63.9    |
2025-12-28 21:35:55 - INFO - 1267   | SITE-01-G1   | -63.9    |
2025-12-28 21:35:55 - INFO - 1268   | SITE-01-G1   | -64.0    |
2025-12-28 21:35:55 - INFO - 1269   | SITE-01-G1   | -63.9    |
2025-12-28 21:35:55 - INFO - 1270   | SITE-01-G1   | -63.9    |
2025-12-28 21:35:55 - INFO - 1271   | SITE-01-G1   | -63.9    |
2025-12-28 21:35:55 - INFO - 1272   | SITE-01-G1   | -63.9    |
2025-12-28 21:35:55 - INFO - 1273   | SITE-01-G1   | -63.8    |
2025-12-28 21:35:55 - INFO - 1274   | SITE-01-G1   | -63.8    |
2025-12-28 21:35:55 - INFO - 1275   | SITE-01-G1   | -63.8    |
2025-12-28 21:35:55 - INFO - 1276   | SITE-01-G1   | -63.8    |
2025-12-28 21:35:55 - INFO - 1277   | SITE-01-G1   | -63.7    |
2025-12-28 21:35:55 - INFO - 1278   | SITE-01-G1   | -63.7    |
2025-12-28 21:35:55 - INFO - 1279   | SITE-01-G1   | -63.7    |
2025-12-28 21:35:55 - INFO - 1280   | SITE-01-G1   | -63.6    |
2025-12-28 21:35:55 - INFO - 1281   | SITE-01-G1   | -63.6    |
2025-12-28 21:35:55 - INFO - 1282   | SITE-01-G1   | -63.6    |
2025-12-28 21:35:55 - INFO - 1283   | SITE-01-G1   | -63.6    |
2025-12-28 21:35:55 - INFO - 1284   | SITE-01-G1   | -63.5    |
2025-12-28 21:35:55 - INFO - 1285   | SITE-01-G1   | -63.5    |
2025-12-28 21:35:55 - INFO - 1286   | SITE-01-G1   | -63.5    |
2025-12-28 21:35:55 - INFO - 1287   | SITE-01-G1   | -63.4    |
2025-12-28 21:35:55 - INFO - 1288   | SITE-01-G1   | -63.4    |
2025-12-28 21:35:55 - INFO - 1289   | SITE-01-G1   | -63.4    |
2025-12-28 21:35:55 - INFO - 1290   | SITE-01-G1   | -63.3    |
2025-12-28 21:35:55 - INFO - 1291   | SITE-01-G1   | -63.3    |
2025-12-28 21:35:55 - INFO - 1292   | SITE-01-G1   | -63.3    |
2025-12-28 21:35:55 - INFO - 1293   | SITE-01-G1   | -63.2    |
2025-12-28 21:35:55 - INFO - 1294   | SITE-01-G1   | -63.2    |
2025-12-28 21:35:55 - INFO - 1295   | SITE-01-G1   | -63.2    |
2025-12-28 21:35:55 - INFO - 1296   | SITE-01-G1   | -63.2    |
2025-12-28 21:35:55 - INFO - 1297   | SITE-01-G1   | -63.1    |
2025-12-28 21:35:55 - INFO - 1298   | SITE-01-G1   | -63.1    |
2025-12-28 21:35:55 - INFO - 1299   | SITE-01-G1   | -63.1    |
2025-12-28 21:35:55 - INFO - 1300   | SITE-01-G1   | -63.0    |
2025-12-28 21:35:55 - INFO - 1301   | SITE-01-G1   | -63.0    |
2025-12-28 21:35:55 - INFO - 1302   | SITE-01-G1   | -63.0    |
2025-12-28 21:35:55 - INFO - 1303   | SITE-01-G1   | -62.9    |
2025-12-28 21:35:55 - INFO - 1304   | SITE-01-G1   | -62.9    |
2025-12-28 21:35:55 - INFO - 1305   | SITE-01-G1   | -62.9    |
2025-12-28 21:35:55 - INFO - 1306   | SITE-01-G1   | -62.9    |
2025-12-28 21:35:55 - INFO - 1307   | SITE-01-G1   | -62.8    |
2025-12-28 21:35:55 - INFO - 1308   | SITE-01-G1   | -62.8    |
2025-12-28 21:35:55 - INFO - 1309   | SITE-01-G1   | -62.7    |
2025-12-28 21:35:55 - INFO - 1310   | SITE-01-G1   | -62.7    |
2025-12-28 21:35:55 - INFO - 1311   | SITE-01-G1   | -62.7    |
2025-12-28 21:35:55 - INFO - 1312   | SITE-01-G1   | -62.6    |
2025-12-28 21:35:55 - INFO - 1313   | SITE-01-G1   | -62.6    |
2025-12-28 21:35:55 - INFO - 1314   | SITE-01-G1   | -62.6    |
2025-12-28 21:35:55 - INFO - 1315   | SITE-01-G1   | -62.6    |
2025-12-28 21:35:55 - INFO - 1316   | SITE-01-G1   | -62.5    |
2025-12-28 21:35:55 - INFO - 1317   | SITE-01-G1   | -62.5    |
2025-12-28 21:35:55 - INFO - 1318   | SITE-01-G1   | -62.5    |
2025-12-28 21:35:55 - INFO - 1319   | SITE-01-G1   | -62.4    |
2025-12-28 21:35:55 - INFO - 1320   | SITE-01-G1   | -62.4    |
2025-12-28 21:35:55 - INFO - 1321   | SITE-01-G1   | -62.4    |
2025-12-28 21:35:55 - INFO - 1322   | SITE-01-G1   | -62.3    |
2025-12-28 21:35:55 - INFO - 1323   | SITE-01-G1   | -62.3    |
2025-12-28 21:35:55 - INFO - 1324   | SITE-01-G1   | -62.3    |
2025-12-28 21:35:55 - INFO - 1325   | SITE-01-G1   | -62.2    |
2025-12-28 21:35:55 - INFO - 1326   | SITE-01-G1   | -62.2    |
2025-12-28 21:35:55 - INFO - 1327   | SITE-01-G1   | -62.1    |
2025-12-28 21:35:55 - INFO - 1328   | SITE-01-G1   | -62.1    |
2025-12-28 21:35:55 - INFO - 1329   | SITE-01-G1   | -62.1    |
2025-12-28 21:35:55 - INFO - 1330   | SITE-01-G1   | -62.1    |
2025-12-28 21:35:55 - INFO - 1331   | SITE-01-G1   | -62.0    |
2025-12-28 21:35:55 - INFO - 1332   | SITE-01-G1   | -62.0    |
2025-12-28 21:35:55 - INFO - 1333   | SITE-01-G1   | -61.9    |
2025-12-28 21:35:55 - INFO - 1334   | SITE-01-G1   | -61.9    |
2025-12-28 21:35:55 - INFO - 1335   | SITE-01-G1   | -61.9    |
2025-12-28 21:35:55 - INFO - 1336   | SITE-01-G1   | -61.8    |
2025-12-28 21:35:55 - INFO - 1337   | SITE-01-G1   | -61.8    |
2025-12-28 21:35:55 - INFO - 1338   | SITE-01-G1   | -61.8    |
2025-12-28 21:35:55 - INFO - 1339   | SITE-01-G1   | -61.7    |
2025-12-28 21:35:55 - INFO - 1340   | SITE-01-G1   | -61.7    |
2025-12-28 21:35:55 - INFO - 1341   | SITE-01-G1   | -61.7    |
2025-12-28 21:35:55 - INFO - 1342   | SITE-01-G1   | -61.6    |
2025-12-28 21:35:55 - INFO - 1343   | SITE-01-G1   | -61.6    |
2025-12-28 21:35:55 - INFO - 1344   | SITE-01-G1   | -61.5    |
2025-12-28 21:35:55 - INFO - 1345   | SITE-01-G1   | -61.5    |
2025-12-28 21:35:55 - INFO - 1346   | SITE-01-G1   | -61.5    |
2025-12-28 21:35:55 - INFO - 1347   | SITE-01-G1   | -61.4    |
2025-12-28 21:35:55 - INFO - 1348   | SITE-01-G1   | -61.4    |
2025-12-28 21:35:55 - INFO - 1349   | SITE-01-G1   | -61.4    |
2025-12-28 21:35:55 - INFO - 1350   | SITE-01-G1   | -61.3    |
2025-12-28 21:35:55 - INFO - 1351   | SITE-01-G1   | -61.3    |
2025-12-28 21:35:55 - INFO - 1352   | SITE-01-G1   | -61.2    |
2025-12-28 21:35:55 - INFO - 1353   | SITE-01-G1   | -61.2    |
2025-12-28 21:35:55 - INFO - 1354   | SITE-01-G1   | -61.2    |
2025-12-28 21:35:55 - INFO - 1355   | SITE-01-N1   | -61.1    | RESELECTION
2025-12-28 21:35:55 - INFO - 1360   | SITE-01-G1   | -60.9    |
2025-12-28 21:35:55 - INFO - 1361   | SITE-01-G1   | -60.9    |
2025-12-28 21:35:55 - INFO - 1362   | SITE-01-G1   | -60.9    |
2025-12-28 21:35:55 - INFO - 1363   | SITE-01-G1   | -60.8    |
2025-12-28 21:35:55 - INFO - 1364   | SITE-01-G1   | -60.8    |
2025-12-28 21:35:55 - INFO - 1365   | SITE-01-G1   | -60.7    |
2025-12-28 21:35:55 - INFO - 1366   | SITE-01-G1   | -60.7    |
2025-12-28 21:35:55 - INFO - 1367   | SITE-01-G1   | -60.6    |
2025-12-28 21:35:55 - INFO - 1368   | SITE-01-G1   | -60.6    |
2025-12-28 21:35:55 - INFO - 1369   | SITE-01-G1   | -60.6    |
2025-12-28 21:35:55 - INFO - 1370   | SITE-01-G1   | -60.5    |
2025-12-28 21:35:55 - INFO - 1371   | SITE-01-G1   | -60.5    |
2025-12-28 21:35:55 - INFO - 1372   | SITE-01-G1   | -60.4    |
2025-12-28 21:35:55 - INFO - 1373   | SITE-01-G1   | -60.4    |
2025-12-28 21:35:55 - INFO - 1374   | SITE-01-G1   | -60.3    |
2025-12-28 21:35:55 - INFO - 1375   | SITE-01-G1   | -60.3    |
2025-12-28 21:35:55 - INFO - 1376   | SITE-01-G1   | -60.3    |
2025-12-28 21:35:55 - INFO - 1377   | SITE-01-G1   | -60.2    |
2025-12-28 21:35:55 - INFO - 1378   | SITE-01-G1   | -60.2    |
2025-12-28 21:35:55 - INFO - 1379   | SITE-01-G1   | -60.2    |
2025-12-28 21:35:55 - INFO - 1380   | SITE-01-G1   | -60.1    |
2025-12-28 21:35:55 - INFO - 1381   | SITE-01-G1   | -60.1    |
2025-12-28 21:35:55 - INFO - 1382   | SITE-01-G1   | -60.0    |
2025-12-28 21:35:55 - INFO - 1383   | SITE-01-G1   | -60.0    |
2025-12-28 21:35:55 - INFO - 1384   | SITE-01-G1   | -59.9    |
2025-12-28 21:35:55 - INFO - 1385   | SITE-01-G1   | -59.9    |
2025-12-28 21:35:55 - INFO - 1386   | SITE-01-G1   | -59.8    |
2025-12-28 21:35:55 - INFO - 1387   | SITE-01-G1   | -59.8    |
2025-12-28 21:35:55 - INFO - 1388   | SITE-01-G1   | -59.8    |
2025-12-28 21:35:55 - INFO - 1389   | SITE-01-G1   | -59.7    |
2025-12-28 21:35:55 - INFO - 1390   | SITE-01-G1   | -59.7    |
2025-12-28 21:35:55 - INFO - 1391   | SITE-01-G1   | -59.6    |
2025-12-28 21:35:55 - INFO - 1392   | SITE-01-G1   | -59.6    |
2025-12-28 21:35:55 - INFO - 1393   | SITE-01-G1   | -59.5    |
2025-12-28 21:35:55 - INFO - 1394   | SITE-01-G1   | -59.5    |
2025-12-28 21:35:55 - INFO - 1395   | SITE-01-G1   | -59.4    |
2025-12-28 21:35:55 - INFO - 1396   | SITE-01-G1   | -59.4    |
2025-12-28 21:35:55 - INFO - 1397   | SITE-01-G1   | -59.3    |
2025-12-28 21:35:55 - INFO - 1398   | SITE-01-G1   | -59.3    |
2025-12-28 21:35:55 - INFO - 1399   | SITE-01-G1   | -59.2    |
2025-12-28 21:35:55 - INFO - 1400   | SITE-01-G1   | -59.2    |
2025-12-28 21:35:55 - INFO - 1401   | SITE-01-G1   | -59.1    |
2025-12-28 21:35:55 - INFO - 1402   | SITE-01-G1   | -59.1    |
2025-12-28 21:35:55 - INFO - 1403   | SITE-01-G1   | -59.0    |
2025-12-28 21:35:55 - INFO - 1404   | SITE-01-G1   | -59.0    |
2025-12-28 21:35:55 - INFO - 1405   | SITE-01-G1   | -58.9    |
2025-12-28 21:35:55 - INFO - 1406   | SITE-01-G1   | -58.9    |
2025-12-28 21:35:55 - INFO - 1407   | SITE-01-G1   | -58.9    |
2025-12-28 21:35:55 - INFO - 1408   | SITE-01-G1   | -58.8    |
2025-12-28 21:35:55 - INFO - 1409   | SITE-01-G1   | -58.8    |
2025-12-28 21:35:55 - INFO - 1410   | SITE-01-G1   | -58.7    |
2025-12-28 21:35:55 - INFO - 1411   | SITE-01-G1   | -58.7    |
2025-12-28 21:35:55 - INFO - 1412   | SITE-01-G1   | -58.6    |
2025-12-28 21:35:55 - INFO - 1413   | SITE-01-G1   | -58.6    |
2025-12-28 21:35:55 - INFO - 1414   | SITE-01-G1   | -58.5    |
2025-12-28 21:35:55 - INFO - 1415   | SITE-01-G1   | -58.5    |
2025-12-28 21:35:55 - INFO - 1416   | SITE-01-G1   | -58.4    |
2025-12-28 21:35:55 - INFO - 1417   | SITE-01-G1   | -58.4    |
2025-12-28 21:35:55 - INFO - 1418   | SITE-01-G1   | -58.3    |
2025-12-28 21:35:55 - INFO - 1419   | SITE-01-G1   | -58.3    |
2025-12-28 21:35:55 - INFO - 1420   | SITE-01-G1   | -58.2    |
2025-12-28 21:35:55 - INFO - 1421   | SITE-01-G1   | -58.1    |
2025-12-28 21:35:55 - INFO - 1422   | SITE-01-G1   | -58.1    |
2025-12-28 21:35:55 - INFO - 1423   | SITE-01-G1   | -58.0    |
2025-12-28 21:35:55 - INFO - 1424   | SITE-01-G1   | -58.0    |
2025-12-28 21:35:55 - INFO - 1425   | SITE-01-G1   | -57.9    |
2025-12-28 21:35:55 - INFO - 1426   | SITE-01-G1   | -57.9    |
2025-12-28 21:35:55 - INFO - 1427   | SITE-01-G1   | -57.8    |
2025-12-28 21:35:55 - INFO - 1428   | SITE-01-G1   | -57.8    |
2025-12-28 21:35:55 - INFO - 1429   | SITE-01-G1   | -57.7    |
2025-12-28 21:35:55 - INFO - 1430   | SITE-01-G1   | -57.6    |
2025-12-28 21:35:55 - INFO - 1431   | SITE-01-G1   | -57.6    |
2025-12-28 21:35:55 - INFO - 1432   | SITE-01-G1   | -57.5    |
2025-12-28 21:35:55 - INFO - 1433   | SITE-01-G1   | -57.5    |
2025-12-28 21:35:55 - INFO - 1434   | SITE-01-G1   | -57.4    |
2025-12-28 21:35:55 - INFO - 1435   | SITE-01-G1   | -57.3    |
2025-12-28 21:35:55 - INFO - 1436   | SITE-01-G1   | -57.2    |
2025-12-28 21:35:55 - INFO - 1437   | SITE-01-G1   | -57.2    |
2025-12-28 21:35:55 - INFO - 1438   | SITE-01-G1   | -57.1    |
2025-12-28 21:35:55 - INFO - 1439   | SITE-01-G1   | -57.1    |
2025-12-28 21:35:55 - INFO - 1440   | SITE-01-G1   | -57.0    |
2025-12-28 21:35:55 - INFO - 1441   | SITE-01-G1   | -57.0    |
2025-12-28 21:35:55 - INFO - 1442   | SITE-01-G1   | -56.9    |
2025-12-28 21:35:55 - INFO - 1443   | SITE-01-G1   | -56.9    |
2025-12-28 21:35:55 - INFO - 1444   | SITE-01-G1   | -56.8    |
2025-12-28 21:35:55 - INFO - 1445   | SITE-01-G1   | -56.7    |
2025-12-28 21:35:55 - INFO - 1446   | SITE-01-G1   | -56.7    |
2025-12-28 21:35:55 - INFO - 1447   | SITE-01-G1   | -56.6    |
2025-12-28 21:35:55 - INFO - 1448   | SITE-01-G1   | -56.5    |
2025-12-28 21:35:55 - INFO - 1449   | SITE-01-G1   | -56.5    |
2025-12-28 21:35:55 - INFO - 1450   | SITE-01-G1   | -56.4    |
2025-12-28 21:35:55 - INFO - 1451   | SITE-01-G1   | -56.4    |
2025-12-28 21:35:55 - INFO - 1452   | SITE-01-G1   | -56.3    |
2025-12-28 21:35:55 - INFO - 1453   | SITE-01-G1   | -56.2    |
2025-12-28 21:35:55 - INFO - 1454   | SITE-01-G1   | -56.1    |
2025-12-28 21:35:55 - INFO - 1455   | SITE-01-G1   | -56.0    |
2025-12-28 21:35:55 - INFO - 1456   | SITE-01-G1   | -56.0    |
2025-12-28 21:35:55 - INFO - 1457   | SITE-01-G1   | -55.9    |
2025-12-28 21:35:55 - INFO - 1458   | SITE-01-G1   | -55.9    |
2025-12-28 21:35:55 - INFO - 1459   | SITE-01-G1   | -55.8    |
2025-12-28 21:35:55 - INFO - 1460   | SITE-01-G1   | -55.8    |
2025-12-28 21:35:55 - INFO - 1461   | SITE-01-G1   | -55.6    |
2025-12-28 21:35:55 - INFO - 1462   | SITE-01-G1   | -55.6    |
2025-12-28 21:35:55 - INFO - 1463   | SITE-01-G1   | -55.5    |
2025-12-28 21:35:55 - INFO - 1464   | SITE-01-G1   | -55.5    |
2025-12-28 21:35:55 - INFO - 1465   | SITE-01-G1   | -55.4    |
2025-12-28 21:35:55 - INFO - 1466   | SITE-01-G1   | -55.3    |
2025-12-28 21:35:55 - INFO - 1467   | SITE-01-G1   | -55.2    |
2025-12-28 21:35:55 - INFO - 1468   | SITE-01-G1   | -55.1    |
2025-12-28 21:35:55 - INFO - 1469   | SITE-01-G1   | -55.1    |
2025-12-28 21:35:55 - INFO - 1470   | SITE-01-G1   | -55.0    |
2025-12-28 21:35:55 - INFO - 1471   | SITE-01-G1   | -54.9    |
2025-12-28 21:35:55 - INFO - 1472   | SITE-01-G1   | -54.8    |
2025-12-28 21:35:55 - INFO - 1473   | SITE-01-G1   | -54.8    |
2025-12-28 21:35:55 - INFO - 1474   | SITE-01-G1   | -54.7    |
2025-12-28 21:35:55 - INFO - 1475   | SITE-01-G1   | -54.6    |
2025-12-28 21:35:55 - INFO - 1476   | SITE-01-G1   | -54.5    |
2025-12-28 21:35:55 - INFO - 1477   | SITE-01-G1   | -54.5    |
2025-12-28 21:35:55 - INFO - 1478   | SITE-01-G1   | -54.4    |
2025-12-28 21:35:55 - INFO - 1479   | SITE-01-G1   | -54.3    |
2025-12-28 21:35:55 - INFO - 1480   | SITE-01-G1   | -54.2    |
2025-12-28 21:35:55 - INFO - 1481   | SITE-01-G1   | -54.1    |
2025-12-28 21:35:55 - INFO - 1482   | SITE-01-G1   | -54.0    |
2025-12-28 21:35:55 - INFO - 1483   | SITE-01-G1   | -53.9    |
2025-12-28 21:35:55 - INFO - 1484   | SITE-01-G1   | -53.9    |
2025-12-28 21:35:55 - INFO - 1485   | SITE-01-G1   | -53.8    |
2025-12-28 21:35:55 - INFO - 1486   | SITE-01-G1   | -53.7    |
2025-12-28 21:35:55 - INFO - 1487   | SITE-01-G1   | -53.6    |
2025-12-28 21:35:55 - INFO - 1488   | SITE-01-G1   | -53.5    |
2025-12-28 21:35:55 - INFO - 1489   | SITE-01-G1   | -53.4    |
2025-12-28 21:35:55 - INFO - 1490   | SITE-01-G1   | -53.4    |
2025-12-28 21:35:55 - INFO - 1491   | SITE-01-G1   | -53.2    |
2025-12-28 21:35:55 - INFO - 1492   | SITE-01-G1   | -53.2    |
2025-12-28 21:35:55 - INFO - 1493   | SITE-01-G1   | -53.0    |
2025-12-28 21:35:55 - INFO - 1494   | SITE-01-G1   | -53.0    |
2025-12-28 21:35:55 - INFO - 1495   | SITE-01-G1   | -52.9    |
2025-12-28 21:35:55 - INFO - 1496   | SITE-01-G1   | -52.8    |
2025-12-28 21:35:55 - INFO - 1497   | SITE-01-G1   | -52.7    |
2025-12-28 21:35:55 - INFO - 1498   | SITE-01-G1   | -52.6    |
2025-12-28 21:35:55 - INFO - 1499   | SITE-01-G1   | -52.5    |
2025-12-28 21:35:55 - INFO - 1500   | SITE-01-G1   | -52.4    |
2025-12-28 21:35:55 - INFO - 1501   | SITE-01-G1   | -52.3    |
2025-12-28 21:35:55 - INFO - 1502   | SITE-01-G1   | -52.2    |
2025-12-28 21:35:55 - INFO - 1503   | SITE-01-G1   | -52.1    |
2025-12-28 21:35:55 - INFO - 1504   | SITE-01-G1   | -52.0    |
2025-12-28 21:35:55 - INFO - 1505   | SITE-01-G1   | -51.9    |
2025-12-28 21:35:55 - INFO - 1506   | SITE-01-G1   | -51.7    |
2025-12-28 21:35:55 - INFO - 1507   | SITE-01-G1   | -51.7    |
2025-12-28 21:35:55 - INFO - 1508   | SITE-01-G1   | -51.5    |
2025-12-28 21:35:55 - INFO - 1509   | SITE-01-G1   | -51.5    |
2025-12-28 21:35:55 - INFO - 1510   | SITE-01-G1   | -51.3    |
2025-12-28 21:35:55 - INFO - 1511   | SITE-01-G1   | -51.3    |
2025-12-28 21:35:55 - INFO - 1512   | SITE-01-G1   | -51.1    |
2025-12-28 21:35:55 - INFO - 1513   | SITE-01-G1   | -51.0    |
2025-12-28 21:35:55 - INFO - 1514   | SITE-01-G1   | -50.9    |
2025-12-28 21:35:55 - INFO - 1515   | SITE-01-G1   | -50.7    |
2025-12-28 21:35:55 - INFO - 1516   | SITE-01-G1   | -50.7    |
2025-12-28 21:35:55 - INFO - 1517   | SITE-01-G1   | -50.5    |
2025-12-28 21:35:55 - INFO - 1518   | SITE-01-G1   | -50.4    |
2025-12-28 21:35:55 - INFO - 1519   | SITE-01-G1   | -50.2    |
2025-12-28 21:35:55 - INFO - 1520   | SITE-01-G1   | -50.2    |
2025-12-28 21:35:55 - INFO - 1521   | SITE-01-G1   | -50.0    |
2025-12-28 21:35:55 - INFO - 1522   | SITE-01-G1   | -49.9    |
2025-12-28 21:35:55 - INFO - 1523   | SITE-01-G1   | -49.8    |
2025-12-28 21:35:55 - INFO - 1524   | SITE-01-G1   | -49.7    |
2025-12-28 21:35:55 - INFO - 1525   | SITE-01-G1   | -49.5    |
2025-12-28 21:35:55 - INFO - 1526   | SITE-01-G1   | -49.4    |
2025-12-28 21:35:55 - INFO - 1527   | SITE-01-G1   | -49.2    |
2025-12-28 21:35:55 - INFO - 1528   | SITE-01-G1   | -49.1    |
2025-12-28 21:35:55 - INFO - 1529   | SITE-01-G1   | -49.0    |
2025-12-28 21:35:55 - INFO - 1530   | SITE-01-G1   | -48.9    |
2025-12-28 21:35:55 - INFO - 1531   | SITE-01-G1   | -48.7    |
2025-12-28 21:35:55 - INFO - 1532   | SITE-01-G1   | -48.5    |
2025-12-28 21:35:55 - INFO - 1533   | SITE-01-G1   | -48.4    |
2025-12-28 21:35:55 - INFO - 1534   | SITE-01-G1   | -48.2    |
2025-12-28 21:35:55 - INFO - 1535   | SITE-01-G1   | -48.1    |
2025-12-28 21:35:55 - INFO - 1536   | SITE-01-G1   | -47.9    |
2025-12-28 21:35:55 - INFO - 1537   | SITE-01-G1   | -47.8    |
2025-12-28 21:35:55 - INFO - 1538   | SITE-01-G1   | -47.6    |
2025-12-28 21:35:55 - INFO - 1539   | SITE-01-G1   | -47.5    |
2025-12-28 21:35:55 - INFO - 1540   | SITE-01-G1   | -47.3    |
2025-12-28 21:35:55 - INFO - 1541   | SITE-01-G1   | -47.2    |
2025-12-28 21:35:55 - INFO - 1542   | SITE-01-G1   | -46.9    |
2025-12-28 21:35:55 - INFO - 1543   | SITE-01-G1   | -46.8    |
2025-12-28 21:35:55 - INFO - 1544   | SITE-01-G1   | -46.6    |
2025-12-28 21:35:55 - INFO - 1545   | SITE-01-G1   | -46.5    |
2025-12-28 21:35:55 - INFO - 1546   | SITE-01-G1   | -46.3    |
2025-12-28 21:35:55 - INFO - 1547   | SITE-01-G1   | -46.0    |
2025-12-28 21:35:55 - INFO - 1548   | SITE-01-G1   | -45.9    |
2025-12-28 21:35:55 - INFO - 1549   | SITE-01-G1   | -45.7    |
2025-12-28 21:35:55 - INFO - 1550   | SITE-01-G1   | -45.5    |
2025-12-28 21:35:55 - INFO - 1551   | SITE-01-G1   | -45.3    |
2025-12-28 21:35:55 - INFO - 1552   | SITE-01-G1   | -45.1    |
2025-12-28 21:35:55 - INFO - 1553   | SITE-01-G1   | -44.9    |
2025-12-28 21:35:55 - INFO - 1554   | SITE-01-G1   | -44.7    |
2025-12-28 21:35:55 - INFO - 1555   | SITE-01-G1   | -44.5    |
2025-12-28 21:35:55 - INFO - 1556   | SITE-01-G1   | -44.3    |
2025-12-28 21:35:55 - INFO - 1557   | SITE-01-G1   | -44.1    |
2025-12-28 21:35:55 - INFO - 1558   | SITE-01-G1   | -43.9    |
2025-12-28 21:35:55 - INFO - 1559   | SITE-01-G1   | -43.6    |
2025-12-28 21:35:55 - INFO - 1560   | SITE-01-G1   | -43.5    |
2025-12-28 21:35:55 - INFO - 1561   | SITE-01-G1   | -43.2    |
2025-12-28 21:35:55 - INFO - 1562   | SITE-01-G1   | -43.0    |
2025-12-28 21:35:55 - INFO - 1563   | SITE-01-G1   | -42.7    |
2025-12-28 21:35:55 - INFO - 1564   | SITE-01-G1   | -42.4    |
2025-12-28 21:35:55 - INFO - 1565   | SITE-01-G1   | -42.3    |
2025-12-28 21:35:55 - INFO - 1566   | SITE-01-G1   | -41.9    |
2025-12-28 21:35:55 - INFO - 1567   | SITE-01-G1   | -41.8    |
2025-12-28 21:35:55 - INFO - 1568   | SITE-01-G1   | -41.4    |
2025-12-28 21:35:55 - INFO - 1569   | SITE-01-G1   | -41.3    |
2025-12-28 21:35:55 - INFO - 1570   | SITE-01-G1   | -40.9    |
2025-12-28 21:35:55 - INFO - 1571   | SITE-01-G1   | -40.7    |
2025-12-28 21:35:55 - INFO - 1572   | SITE-01-G1   | -40.4    |
2025-12-28 21:35:55 - INFO - 1573   | SITE-01-G1   | -40.2    |
2025-12-28 21:35:55 - INFO - 1574   | SITE-01-G1   | -39.8    |
2025-12-28 21:35:55 - INFO - 1575   | SITE-01-G1   | -39.6    |
2025-12-28 21:35:55 - INFO - 1576   | SITE-01-G1   | -39.3    |
2025-12-28 21:35:55 - INFO - 1577   | SITE-01-G1   | -39.1    |
2025-12-28 21:35:55 - INFO - 1578   | SITE-01-G1   | -38.8    |
2025-12-28 21:35:55 - INFO - 1579   | SITE-01-G1   | -38.4    |
2025-12-28 21:35:55 - INFO - 1580   | SITE-01-G1   | -38.2    |
2025-12-28 21:35:55 - INFO - 1581   | SITE-01-G1   | -37.8    |
2025-12-28 21:35:55 - INFO - 1582   | SITE-01-G1   | -37.7    |
2025-12-28 21:35:55 - INFO - 1583   | SITE-01-G1   | -37.4    |
2025-12-28 21:35:55 - INFO - 1584   | SITE-01-G1   | -37.1    |
2025-12-28 21:35:55 - INFO - 1585   | SITE-01-G1   | -36.8    |
2025-12-28 21:35:55 - INFO - 1586   | SITE-01-G1   | -36.6    |
2025-12-28 21:35:55 - INFO - 1587   | SITE-01-G1   | -36.3    |
2025-12-28 21:35:55 - INFO - 1588   | SITE-01-G1   | -36.2    |
2025-12-28 21:35:55 - INFO - 1589   | SITE-01-G1   | -36.0    |
2025-12-28 21:35:55 - INFO - 1590   | SITE-01-G1   | -35.8    |
2025-12-28 21:35:55 - INFO - 1591   | SITE-01-G1   | -35.6    |
2025-12-28 21:35:55 - INFO - 1592   | SITE-01-G1   | -35.4    |
2025-12-28 21:35:55 - INFO - 1593   | SITE-01-G1   | -35.3    |
2025-12-28 21:35:55 - INFO - 1594   | SITE-01-G1   | -35.2    |
2025-12-28 21:35:55 - INFO - 1595   | SITE-01-G1   | -35.5    |
2025-12-28 21:35:55 - INFO - 1596   | SITE-01-G1   | -35.6    |
2025-12-28 21:35:55 - INFO - 1597   | SITE-01-G1   | -35.6    |
2025-12-28 21:35:55 - INFO - 1598   | SITE-01-G1   | -35.9    |
2025-12-28 21:35:55 - INFO - 1599   | SITE-01-G1   | -35.9    |
2025-12-28 21:35:55 - INFO - 1600   | SITE-01-G1   | -36.4    |
2025-12-28 21:35:55 - INFO - 1601   | SITE-01-G1   | -36.8    |
2025-12-28 21:35:55 - INFO - 1602   | SITE-01-G1   | -37.5    |
2025-12-28 21:35:55 - INFO - 1603   | SITE-01-G1   | -37.8    |
2025-12-28 21:35:55 - INFO - 1604   | SITE-01-G1   | -38.7    |
2025-12-28 21:35:55 - INFO - 1605   | SITE-01-G1   | -39.2    |
2025-12-28 21:35:55 - INFO - 1606   | SITE-01-G1   | -40.3    |
2025-12-28 21:35:55 - INFO - 1607   | SITE-01-G1   | -40.9    |
2025-12-28 21:35:55 - INFO - 1608   | SITE-01-G1   | -42.1    |
2025-12-28 21:35:55 - INFO - 1609   | SITE-01-G1   | -42.8    |
2025-12-28 21:35:55 - INFO - 1610   | SITE-01-G1   | -44.2    |
2025-12-28 21:35:55 - INFO - 1611   | SITE-01-G1   | -45.6    |
2025-12-28 21:35:55 - INFO - 1612   | SITE-01-G1   | -46.5    |
2025-12-28 21:35:55 - INFO - 1613   | SITE-01-G1   | -48.0    |
2025-12-28 21:35:55 - INFO - 1614   | SITE-01-G1   | -48.5    |
2025-12-28 21:35:55 - INFO - 1615   | SITE-01-G1   | -50.0    |
2025-12-28 21:35:55 - INFO - 1616   | SITE-01-G1   | -50.9    |
2025-12-28 21:35:55 - INFO - 1617   | SITE-01-G1   | -52.4    |
2025-12-28 21:35:55 - INFO - 1618   | SITE-01-G1   | -53.4    |
2025-12-28 21:35:55 - INFO - 1619   | SITE-01-G1   | -54.8    |
2025-12-28 21:35:55 - INFO - 1620   | SITE-01-G1   | -55.2    |
2025-12-28 21:35:55 - INFO - 1621   | SITE-01-G1   | -56.6    |
2025-12-28 21:35:55 - INFO - 1622   | SITE-01-G1   | -57.5    |
2025-12-28 21:35:55 - INFO - 1623   | SITE-01-G1   | -58.8    |
2025-12-28 21:35:55 - INFO - 1624   | SITE-01-G1   | -59.7    |
2025-12-28 21:35:55 - INFO - 1625   | SITE-01-G1   | -60.9    |
2025-12-28 21:35:55 - INFO - 1626   | SITE-01-N1   | -61.8    | RESELECTION
2025-12-28 21:35:55 - INFO - 1652   | SITE-01-G1   | -72.3    |
2025-12-28 21:35:55 - INFO - 1653   | SITE-01-G1   | -72.5    |
2025-12-28 21:35:55 - INFO - 1654   | SITE-01-G1   | -72.6    |
2025-12-28 21:35:55 - INFO - 1655   | SITE-01-G1   | -72.8    |
2025-12-28 21:35:55 - INFO - 1656   | SITE-01-G1   | -72.9    |
2025-12-28 21:35:55 - INFO - 1657   | SITE-01-G1   | -73.1    |
2025-12-28 21:35:55 - INFO - 1658   | SITE-01-G1   | -73.3    |
2025-12-28 21:35:55 - INFO - 1659   | SITE-01-G1   | -73.4    |
2025-12-28 21:35:55 - INFO - 1660   | SITE-01-G1   | -73.5    |
2025-12-28 21:35:55 - INFO - 1661   | SITE-01-G1   | -73.6    |
2025-12-28 21:35:55 - INFO - 1662   | SITE-01-G1   | -73.8    |
2025-12-28 21:35:55 - INFO - 1663   | SITE-01-G1   | -73.9    |
2025-12-28 21:35:55 - INFO - 1664   | SITE-01-G1   | -74.1    |
2025-12-28 21:35:55 - INFO - 1665   | SITE-01-G1   | -74.2    |
2025-12-28 21:35:55 - INFO - 1666   | SITE-01-G1   | -74.3    |
2025-12-28 21:35:55 - INFO - 1667   | SITE-01-G1   | -74.4    |
2025-12-28 21:35:55 - INFO - 1668   | SITE-01-G1   | -74.6    |
2025-12-28 21:35:55 - INFO - 1669   | SITE-01-G1   | -74.7    |
2025-12-28 21:35:55 - INFO - 1670   | SITE-01-G1   | -74.8    |
2025-12-28 21:35:55 - INFO - 1671   | SITE-01-G1   | -74.9    |
2025-12-28 21:35:55 - INFO - 1672   | SITE-01-G1   | -75.1    |
2025-12-28 21:35:55 - INFO - 1673   | SITE-01-G1   | -75.2    |
2025-12-28 21:35:55 - INFO - 1674   | SITE-01-G1   | -75.3    |
2025-12-28 21:35:55 - INFO - 1675   | SITE-01-G1   | -75.5    |
2025-12-28 21:35:55 - INFO - 1676   | SITE-01-G1   | -75.5    |
2025-12-28 21:35:55 - INFO - 1677   | SITE-01-G1   | -75.7    |
2025-12-28 21:35:55 - INFO - 1678   | SITE-01-G1   | -75.7    |
2025-12-28 21:35:55 - INFO - 1679   | SITE-01-G1   | -75.9    |
2025-12-28 21:35:55 - INFO - 1680   | SITE-01-G1   | -76.0    |
2025-12-28 21:35:55 - INFO - 1681   | SITE-01-G1   | -76.1    |
2025-12-28 21:35:55 - INFO - 1682   | SITE-01-G1   | -76.2    |
2025-12-28 21:35:55 - INFO - 1683   | SITE-01-G1   | -76.3    |
2025-12-28 21:35:55 - INFO - 1684   | SITE-01-G1   | -76.4    |
2025-12-28 21:35:55 - INFO - 1685   | SITE-01-G1   | -76.5    |
2025-12-28 21:35:55 - INFO - 1686   | SITE-01-G1   | -76.6    |
2025-12-28 21:35:55 - INFO - 1687   | SITE-01-G1   | -76.7    |
2025-12-28 21:35:55 - INFO - 1688   | SITE-01-G1   | -76.8    |
2025-12-28 21:35:55 - INFO - 1689   | SITE-01-G1   | -76.9    |
2025-12-28 21:35:55 - INFO - 1690   | SITE-01-G1   | -77.0    |
2025-12-28 21:35:55 - INFO - 1691   | SITE-01-G1   | -77.1    |
2025-12-28 21:35:55 - INFO - 1692   | SITE-01-G1   | -77.2    |
2025-12-28 21:35:55 - INFO - 1693   | SITE-01-G1   | -77.3    |
2025-12-28 21:35:55 - INFO - 1694   | SITE-01-G1   | -77.4    |
2025-12-28 21:35:55 - INFO - 1695   | SITE-01-G1   | -77.5    |
2025-12-28 21:35:55 - INFO - 1696   | SITE-01-G1   | -77.6    |
2025-12-28 21:35:55 - INFO - 1697   | SITE-01-G1   | -77.6    |
2025-12-28 21:35:55 - INFO - 1698   | SITE-01-G1   | -77.8    |
2025-12-28 21:35:55 - INFO - 1699   | SITE-01-G1   | -77.8    |
2025-12-28 21:35:55 - INFO - 1700   | SITE-01-G1   | -77.9    |
2025-12-28 21:35:55 - INFO - 1701   | SITE-01-G1   | -78.0    |
2025-12-28 21:35:55 - INFO - 1702   | SITE-01-G1   | -78.1    |
2025-12-28 21:35:55 - INFO - 1703   | SITE-01-G1   | -78.2    |
2025-12-28 21:35:55 - INFO - 1704   | SITE-01-G1   | -78.3    |
2025-12-28 21:35:55 - INFO - 1705   | SITE-01-G1   | -78.3    |
2025-12-28 21:35:55 - INFO - 1706   | SITE-01-G1   | -78.4    |
2025-12-28 21:35:55 - INFO - 1707   | SITE-01-G1   | -78.5    |
2025-12-28 21:35:55 - INFO - 1708   | SITE-01-G1   | -78.6    |
2025-12-28 21:35:55 - INFO - 1709   | SITE-01-G1   | -78.7    |
2025-12-28 21:35:55 - INFO - 1710   | SITE-01-G1   | -78.8    |
2025-12-28 21:35:55 - INFO - 1711   | SITE-01-G1   | -78.9    |
2025-12-28 21:35:55 - INFO - 1712   | SITE-01-G1   | -78.9    |
2025-12-28 21:35:55 - INFO - 1713   | SITE-01-G1   | -79.0    |
2025-12-28 21:35:55 - INFO - 1714   | SITE-01-G1   | -79.1    |
2025-12-28 21:35:55 - INFO - 1715   | SITE-01-G1   | -79.2    |
2025-12-28 21:35:55 - INFO - 1716   | SITE-01-G1   | -79.2    |
2025-12-28 21:35:55 - INFO - 1717   | SITE-01-G1   | -79.3    |
2025-12-28 21:35:55 - INFO - 1718   | SITE-01-G1   | -79.4    |
2025-12-28 21:35:55 - INFO - 1719   | SITE-01-G1   | -79.5    |
2025-12-28 21:35:55 - INFO - 1720   | SITE-01-G1   | -79.5    |
2025-12-28 21:35:55 - INFO - 1721   | SITE-01-G1   | -79.6    |
2025-12-28 21:35:55 - INFO - 1722   | SITE-01-G1   | -79.7    |
2025-12-28 21:35:55 - INFO - 1723   | SITE-01-G1   | -79.7    |
2025-12-28 21:35:55 - INFO - 1724   | SITE-01-G1   | -79.8    |
2025-12-28 21:35:55 - INFO - 1725   | SITE-01-G1   | -79.9    |
2025-12-28 21:35:55 - INFO - 1726   | SITE-01-G1   | -80.0    |
2025-12-28 21:35:55 - INFO - 1727   | SITE-01-G1   | -80.0    |
2025-12-28 21:35:55 - INFO - 1728   | SITE-01-G1   | -80.1    |
2025-12-28 21:35:55 - INFO - 1729   | SITE-01-G1   | -80.2    |
2025-12-28 21:35:55 - INFO - 1730   | SITE-01-G1   | -80.2    |
2025-12-28 21:35:55 - INFO - 1731   | SITE-01-G1   | -80.3    |
2025-12-28 21:35:55 - INFO - 1732   | SITE-01-G1   | -80.4    |
2025-12-28 21:35:55 - INFO - 1733   | SITE-01-G1   | -80.4    |
2025-12-28 21:35:55 - INFO - 1734   | SITE-01-G1   | -80.5    |
2025-12-28 21:35:55 - INFO - 1735   | SITE-01-G1   | -80.5    |
2025-12-28 21:35:55 - INFO - 1736   | SITE-01-G1   | -80.6    |
2025-12-28 21:35:55 - INFO - 1737   | SITE-01-G1   | -80.7    |
2025-12-28 21:35:55 - INFO - 1738   | SITE-01-G1   | -80.8    |
2025-12-28 21:35:55 - INFO - 1739   | SITE-01-G1   | -80.8    |
2025-12-28 21:35:55 - INFO - 1740   | SITE-01-G1   | -80.9    |
2025-12-28 21:35:55 - INFO - 1741   | SITE-01-G1   | -81.0    |
2025-12-28 21:35:55 - INFO - 1742   | SITE-01-G1   | -81.0    |
2025-12-28 21:35:55 - INFO - 1743   | SITE-01-G1   | -81.1    |
2025-12-28 21:35:55 - INFO - 1744   | SITE-01-G1   | -81.1    |
2025-12-28 21:35:55 - INFO - 1745   | SITE-01-G1   | -81.2    |
2025-12-28 21:35:55 - INFO - 1746   | SITE-01-G1   | -81.3    |
2025-12-28 21:35:55 - INFO - 1747   | SITE-01-G1   | -81.3    |
2025-12-28 21:35:55 - INFO - 1748   | SITE-01-G1   | -81.4    |
2025-12-28 21:35:55 - INFO - 1749   | SITE-01-G1   | -81.4    |
2025-12-28 21:35:55 - INFO - 1750   | SITE-01-G1   | -81.5    |
2025-12-28 21:35:55 - INFO - 1751   | SITE-01-G1   | -81.6    |
2025-12-28 21:35:55 - INFO - 1752   | SITE-01-G1   | -81.6    |
2025-12-28 21:35:55 - INFO - 1753   | SITE-01-G1   | -81.7    |
2025-12-28 21:35:55 - INFO - 1754   | SITE-01-G1   | -81.7    |
2025-12-28 21:35:55 - INFO - 1755   | SITE-01-G1   | -81.8    |
2025-12-28 21:35:55 - INFO - 1756   | SITE-01-G1   | -81.9    |
2025-12-28 21:35:55 - INFO - 1757   | SITE-01-G1   | -81.9    |
2025-12-28 21:35:55 - INFO - 1758   | SITE-01-G1   | -82.0    |
2025-12-28 21:35:55 - INFO - 1759   | SITE-01-G1   | -82.0    |
2025-12-28 21:35:55 - INFO - 1760   | SITE-01-G1   | -82.1    |
2025-12-28 21:35:55 - INFO - 1761   | SITE-01-G1   | -82.1    |
2025-12-28 21:35:55 - INFO - 1762   | SITE-01-G1   | -82.2    |
2025-12-28 21:35:55 - INFO - 1763   | SITE-01-G1   | -82.2    |
2025-12-28 21:35:55 - INFO - 1764   | SITE-01-G1   | -82.3    |
2025-12-28 21:35:55 - INFO - 1765   | SITE-01-G1   | -82.3    |
2025-12-28 21:35:55 - INFO - 1766   | SITE-01-G1   | -82.4    |
2025-12-28 21:35:55 - INFO - 1767   | SITE-01-G1   | -82.4    |
2025-12-28 21:35:55 - INFO - 1768   | SITE-01-G1   | -82.5    |
2025-12-28 21:35:55 - INFO - 1769   | SITE-01-G1   | -82.5    |
2025-12-28 21:35:55 - INFO - 1770   | SITE-01-G1   | -82.6    |
2025-12-28 21:35:55 - INFO - 1771   | SITE-01-G1   | -82.7    |
2025-12-28 21:35:55 - INFO - 1772   | SITE-01-G1   | -82.7    |
2025-12-28 21:35:55 - INFO - 1773   | SITE-01-G1   | -82.8    |
2025-12-28 21:35:55 - INFO - 1774   | SITE-01-G1   | -82.8    |
2025-12-28 21:35:55 - INFO - 1775   | SITE-01-G1   | -82.9    |
2025-12-28 21:35:55 - INFO - 1776   | SITE-01-G1   | -82.9    |
2025-12-28 21:35:55 - INFO - 1777   | SITE-01-G1   | -83.0    |
2025-12-28 21:35:55 - INFO - 1778   | SITE-01-G1   | -83.0    |
2025-12-28 21:35:55 - INFO - 1779   | SITE-01-G1   | -83.1    |
2025-12-28 21:35:55 - INFO - 1780   | SITE-01-G1   | -83.1    |
2025-12-28 21:35:55 - INFO - 1781   | SITE-01-G1   | -83.2    |
2025-12-28 21:35:55 - INFO - 1782   | SITE-01-G1   | -83.2    |
2025-12-28 21:35:55 - INFO - 1783   | SITE-01-G1   | -83.3    |
2025-12-28 21:35:55 - INFO - 1784   | SITE-01-G1   | -83.3    |
2025-12-28 21:35:55 - INFO - 1785   | SITE-01-G1   | -83.3    |
2025-12-28 21:35:55 - INFO - 1786   | SITE-01-G1   | -83.4    |
2025-12-28 21:35:55 - INFO - 1787   | SITE-01-G1   | -83.4    |
2025-12-28 21:35:55 - INFO - 1788   | SITE-01-G1   | -83.5    |
2025-12-28 21:35:55 - INFO - 1789   | SITE-01-G1   | -83.5    |
2025-12-28 21:35:55 - INFO - 1790   | SITE-01-G1   | -83.6    |
2025-12-28 21:35:55 - INFO - 1791   | SITE-01-G1   | -83.6    |
2025-12-28 21:35:55 - INFO - 1792   | SITE-01-G1   | -83.7    |
2025-12-28 21:35:55 - INFO - 1793   | SITE-01-G1   | -83.7    |
2025-12-28 21:35:55 - INFO - 1794   | SITE-01-G1   | -83.8    |
2025-12-28 21:35:55 - INFO - 1795   | SITE-01-G1   | -83.8    |
2025-12-28 21:35:55 - INFO - 1796   | SITE-01-G1   | -83.9    |
2025-12-28 21:35:55 - INFO - 1797   | SITE-01-G1   | -83.9    |
2025-12-28 21:35:55 - INFO - 1798   | SITE-01-G1   | -83.9    |
2025-12-28 21:35:55 - INFO - 1799   | SITE-01-G1   | -84.0    |
2025-12-28 21:35:55 - INFO - 1800   | SITE-01-G1   | -84.0    |
2025-12-28 21:35:55 - INFO - 1801   | SITE-01-G1   | -84.1    |
2025-12-28 21:35:55 - INFO - 1802   | SITE-01-G1   | -84.1    |
2025-12-28 21:35:55 - INFO - 1803   | SITE-01-G1   | -84.2    |
2025-12-28 21:35:55 - INFO - 1804   | SITE-01-G1   | -84.2    |
2025-12-28 21:35:55 - INFO - 1805   | SITE-01-G1   | -84.3    |
2025-12-28 21:35:55 - INFO - 1806   | SITE-01-G1   | -84.3    |
2025-12-28 21:35:55 - INFO - 1807   | SITE-01-G1   | -84.3    |
2025-12-28 21:35:55 - INFO - 1808   | SITE-01-G1   | -84.4    |
2025-12-28 21:35:55 - INFO - 1809   | SITE-01-G1   | -84.4    |
2025-12-28 21:35:55 - INFO - 1810   | SITE-01-G1   | -84.5    |
2025-12-28 21:35:55 - INFO - 1811   | SITE-01-G1   | -84.5    |
2025-12-28 21:35:55 - INFO - 1812   | SITE-01-G1   | -84.5    |
2025-12-28 21:35:55 - INFO - 1813   | SITE-01-G1   | -84.6    |
2025-12-28 21:35:55 - INFO - 1814   | SITE-01-G1   | -84.6    |
2025-12-28 21:35:55 - INFO - 1815   | SITE-01-G1   | -84.7    |
2025-12-28 21:35:55 - INFO - 1816   | SITE-01-G1   | -84.7    |
2025-12-28 21:35:55 - INFO - 1817   | SITE-01-G1   | -84.8    |
2025-12-28 21:35:55 - INFO - 1818   | SITE-01-G1   | -84.8    |
2025-12-28 21:35:55 - INFO - 1819   | SITE-01-G1   | -84.8    |
2025-12-28 21:35:55 - INFO - 1820   | SITE-01-G1   | -84.9    |
2025-12-28 21:35:55 - INFO - 1821   | SITE-01-G1   | -84.9    |
2025-12-28 21:35:55 - INFO - 1822   | SITE-01-G1   | -85.0    |
2025-12-28 21:35:55 - INFO - 1823   | SITE-01-G1   | -85.0    |
2025-12-28 21:35:55 - INFO - 1824   | SITE-01-G1   | -85.0    |
2025-12-28 21:35:55 - INFO - 1825   | SITE-01-G1   | -85.1    |
2025-12-28 21:35:55 - INFO - 1826   | SITE-01-G1   | -85.1    |
2025-12-28 21:35:55 - INFO - 1827   | SITE-01-G1   | -85.1    |
2025-12-28 21:35:55 - INFO - 1828   | SITE-01-G1   | -85.2    |
2025-12-28 21:35:55 - INFO - 1829   | SITE-01-G1   | -85.2    |
2025-12-28 21:35:55 - INFO - 1830   | SITE-01-G1   | -85.3    |
2025-12-28 21:35:55 - INFO - 1831   | SITE-01-G1   | -85.3    |
2025-12-28 21:35:55 - INFO - 1832   | SITE-01-G1   | -85.3    |
2025-12-28 21:35:55 - INFO - 1833   | SITE-01-G1   | -85.4    |
2025-12-28 21:35:55 - INFO - 1834   | SITE-01-G1   | -85.4    |
2025-12-28 21:35:55 - INFO - 1835   | SITE-01-G1   | -85.5    |
2025-12-28 21:35:55 - INFO - 1836   | SITE-01-G1   | -85.5    |
2025-12-28 21:35:55 - INFO - 1837   | SITE-01-G1   | -85.5    |
2025-12-28 21:35:55 - INFO - 1838   | SITE-01-G1   | -85.6    |
2025-12-28 21:35:55 - INFO - 1839   | SITE-01-G1   | -85.6    |
2025-12-28 21:35:55 - INFO - 1840   | SITE-01-G1   | -85.6    |
2025-12-28 21:35:55 - INFO - 1841   | SITE-01-G1   | -85.7    |
2025-12-28 21:35:55 - INFO - 1842   | SITE-01-G1   | -85.7    |
2025-12-28 21:35:55 - INFO - 1843   | SITE-01-G1   | -85.8    |
2025-12-28 21:35:55 - INFO - 1844   | SITE-01-G1   | -85.8    |
2025-12-28 21:35:55 - INFO - 1845   | SITE-01-G1   | -85.8    |
2025-12-28 21:35:55 - INFO - 1846   | SITE-01-G1   | -85.8    |
2025-12-28 21:35:55 - INFO - 1847   | SITE-01-G1   | -85.9    |
2025-12-28 21:35:55 - INFO - 1848   | SITE-01-G1   | -85.9    |
2025-12-28 21:35:55 - INFO - 1849   | SITE-01-G1   | -86.0    |
2025-12-28 21:35:55 - INFO - 1850   | SITE-01-G1   | -86.0    |
2025-12-28 21:35:55 - INFO - 1851   | SITE-01-G1   | -86.0    |
2025-12-28 21:35:55 - INFO - 1852   | SITE-01-G1   | -86.1    |
2025-12-28 21:35:55 - INFO - 1853   | SITE-01-G1   | -86.1    |
2025-12-28 21:35:55 - INFO - 1854   | SITE-01-G1   | -86.1    |
2025-12-28 21:35:55 - INFO - 1855   | SITE-01-G1   | -86.2    |
2025-12-28 21:35:55 - INFO - 1856   | SITE-01-G1   | -86.2    |
2025-12-28 21:35:55 - INFO - 1857   | SITE-01-G1   | -86.2    |
2025-12-28 21:35:55 - INFO - 1858   | SITE-01-G1   | -86.3    |
2025-12-28 21:35:55 - INFO - 1859   | SITE-01-G1   | -86.3    |
2025-12-28 21:35:55 - INFO - 1860   | SITE-01-G1   | -86.3    |
2025-12-28 21:35:55 - INFO - 1861   | SITE-01-G1   | -86.4    |
2025-12-28 21:35:55 - INFO - 1862   | SITE-01-G1   | -86.4    |
2025-12-28 21:35:55 - INFO - 1863   | SITE-01-G1   | -86.4    |
2025-12-28 21:35:55 - INFO - 1864   | SITE-01-G1   | -86.5    |
2025-12-28 21:35:55 - INFO - 1865   | SITE-01-G1   | -86.5    |
2025-12-28 21:35:55 - INFO - 1866   | SITE-01-G1   | -86.5    |
2025-12-28 21:35:55 - INFO - 1867   | SITE-01-G1   | -86.6    |
2025-12-28 21:35:55 - INFO - 1868   | SITE-01-G1   | -86.6    |
2025-12-28 21:35:55 - INFO - 1869   | SITE-01-G1   | -86.6    |
2025-12-28 21:35:55 - INFO - 1870   | SITE-01-G1   | -86.7    |
2025-12-28 21:35:55 - INFO - 1871   | SITE-01-G1   | -86.7    |
2025-12-28 21:35:55 - INFO - 1872   | SITE-01-G1   | -86.7    |
2025-12-28 21:35:55 - INFO - 1873   | SITE-01-G1   | -86.8    |
2025-12-28 21:35:55 - INFO - 1874   | SITE-01-G1   | -86.8    |
2025-12-28 21:35:55 - INFO - 1875   | SITE-01-G1   | -86.8    |
2025-12-28 21:35:55 - INFO - 1876   | SITE-01-G1   | -86.9    |
2025-12-28 21:35:55 - INFO - 1877   | SITE-01-G1   | -86.9    |
2025-12-28 21:35:55 - INFO - 1878   | SITE-01-G1   | -86.9    |
2025-12-28 21:35:55 - INFO - 1879   | SITE-01-G1   | -87.0    |
2025-12-28 21:35:55 - INFO - 1880   | SITE-01-G1   | -87.0    |
2025-12-28 21:35:55 - INFO - 1881   | SITE-01-G1   | -87.0    |
2025-12-28 21:35:55 - INFO - 1882   | SITE-01-G1   | -87.1    |
2025-12-28 21:35:55 - INFO - 1883   | SITE-01-G1   | -87.1    |
2025-12-28 21:35:55 - INFO - 1884   | SITE-01-G1   | -87.1    |
2025-12-28 21:35:55 - INFO - 1885   | SITE-01-G1   | -87.1    |
2025-12-28 21:35:55 - INFO - 1886   | SITE-01-G1   | -87.2    |
2025-12-28 21:35:55 - INFO - 1887   | SITE-01-G1   | -87.2    |
2025-12-28 21:35:55 - INFO - 1888   | SITE-01-G1   | -87.2    |
2025-12-28 21:35:55 - INFO - 1889   | SITE-01-G1   | -87.3    |
2025-12-28 21:35:55 - INFO - 1890   | SITE-01-G1   | -87.3    |
2025-12-28 21:35:55 - INFO - 1891   | SITE-01-G1   | -87.3    |
2025-12-28 21:35:55 - INFO - 1892   | SITE-01-G1   | -87.4    |
2025-12-28 21:35:55 - INFO - 1893   | SITE-01-G1   | -87.4    |
2025-12-28 21:35:55 - INFO - 1894   | SITE-01-G1   | -87.4    |
2025-12-28 21:35:55 - INFO - 1895   | SITE-01-G1   | -87.4    |
2025-12-28 21:35:55 - INFO - 1896   | SITE-01-N1   | -87.5    | RESELECTION
2025-12-28 21:35:55 - INFO - 1910   | SITE-01-G1   | -87.9    |
2025-12-28 21:35:55 - INFO - 1911   | SITE-01-G1   | -87.9    |
2025-12-28 21:35:55 - INFO - 1912   | SITE-01-G1   | -87.9    |
2025-12-28 21:35:55 - INFO - 1913   | SITE-01-G1   | -88.0    |
2025-12-28 21:35:55 - INFO - 1914   | SITE-01-G1   | -88.0    |
2025-12-28 21:35:55 - INFO - 1915   | SITE-01-G1   | -88.0    |
2025-12-28 21:35:55 - INFO - 1916   | SITE-01-G1   | -88.1    |
2025-12-28 21:35:55 - INFO - 1917   | SITE-01-G1   | -88.1    |
2025-12-28 21:35:55 - INFO - 1918   | SITE-01-G1   | -88.1    |
2025-12-28 21:35:55 - INFO - 1919   | SITE-01-G1   | -88.1    |
2025-12-28 21:35:55 - INFO - 1920   | SITE-01-G1   | -88.2    |
2025-12-28 21:35:55 - INFO - 1921   | SITE-01-G1   | -88.2    |
2025-12-28 21:35:55 - INFO - 1922   | SITE-01-G1   | -88.2    |
2025-12-28 21:35:55 - INFO - 1923   | SITE-01-G1   | -88.2    |
2025-12-28 21:35:55 - INFO - 1924   | SITE-01-G1   | -88.2    |
2025-12-28 21:35:55 - INFO - 1925   | SITE-01-G1   | -88.2    |
2025-12-28 21:35:55 - INFO - 1926   | SITE-01-G1   | -88.2    |
2025-12-28 21:35:55 - INFO - 1927   | SITE-01-G1   | -88.1    |
2025-12-28 21:35:55 - INFO - 1928   | SITE-01-G1   | -88.1    |
2025-12-28 21:35:55 - INFO - 1929   | SITE-01-G1   | -88.1    |
2025-12-28 21:35:55 - INFO - 1930   | SITE-01-G1   | -88.1    |
2025-12-28 21:35:55 - INFO - 1931   | SITE-01-G1   | -88.1    |
2025-12-28 21:35:55 - INFO - 1932   | SITE-01-G1   | -88.1    |
2025-12-28 21:35:55 - INFO - 1933   | SITE-01-G1   | -88.0    |
2025-12-28 21:35:55 - INFO - 1934   | SITE-01-G1   | -88.0    |
2025-12-28 21:35:55 - INFO - 1935   | SITE-01-G1   | -88.0    |
2025-12-28 21:35:55 - INFO - 1936   | SITE-01-G1   | -88.0    |
2025-12-28 21:35:55 - INFO - 1937   | SITE-01-G1   | -88.0    |
2025-12-28 21:35:55 - INFO - 1938   | SITE-01-G1   | -88.0    |
2025-12-28 21:35:55 - INFO - 1939   | SITE-01-G1   | -88.0    |
2025-12-28 21:35:55 - INFO - 1940   | SITE-01-G1   | -87.9    |
2025-12-28 21:35:55 - INFO - 1941   | SITE-01-G1   | -87.9    |
2025-12-28 21:35:55 - INFO - 1942   | SITE-01-G1   | -87.9    |
2025-12-28 21:35:55 - INFO - 1943   | SITE-01-G1   | -87.9    |
2025-12-28 21:35:55 - INFO - 1944   | SITE-01-G1   | -87.9    |
2025-12-28 21:35:55 - INFO - 1945   | SITE-01-G1   | -87.9    |
2025-12-28 21:35:55 - INFO - 1946   | SITE-01-G1   | -87.8    |
2025-12-28 21:35:55 - INFO - 1947   | SITE-01-G1   | -87.8    |
2025-12-28 21:35:55 - INFO - 1948   | SITE-01-G1   | -87.8    |
2025-12-28 21:35:55 - INFO - 1949   | SITE-01-G1   | -87.8    |
2025-12-28 21:35:55 - INFO - 1950   | SITE-01-G1   | -87.8    |
2025-12-28 21:35:55 - INFO - 1951   | SITE-01-G1   | -87.8    |
2025-12-28 21:35:55 - INFO - 1952   | SITE-01-G1   | -87.8    |
2025-12-28 21:35:55 - INFO - 1953   | SITE-01-G1   | -87.7    |
2025-12-28 21:35:55 - INFO - 1954   | SITE-01-G1   | -87.7    |
2025-12-28 21:35:55 - INFO - 1955   | SITE-01-G1   | -87.7    |
2025-12-28 21:35:55 - INFO - 1956   | SITE-01-G1   | -87.7    |
2025-12-28 21:35:55 - INFO - 1957   | SITE-01-G1   | -87.7    |
2025-12-28 21:35:55 - INFO - 1958   | SITE-01-G1   | -87.7    |
2025-12-28 21:35:55 - INFO - 1959   | SITE-01-G1   | -87.6    |
2025-12-28 21:35:55 - INFO - 1960   | SITE-01-G1   | -87.6    |
2025-12-28 21:35:55 - INFO - 1961   | SITE-01-G1   | -87.6    |
2025-12-28 21:35:55 - INFO - 1962   | SITE-01-G1   | -87.6    |
2025-12-28 21:35:55 - INFO - 1963   | SITE-01-G1   | -87.6    |
2025-12-28 21:35:55 - INFO - 1964   | SITE-01-G1   | -87.6    |
2025-12-28 21:35:55 - INFO - 1965   | SITE-01-G1   | -87.6    |
2025-12-28 21:35:55 - INFO - 1966   | SITE-01-G1   | -87.5    |
2025-12-28 21:35:55 - INFO - 1967   | SITE-01-G1   | -87.5    |
2025-12-28 21:35:55 - INFO - 1968   | SITE-01-G1   | -87.5    |
2025-12-28 21:35:55 - INFO - 1969   | SITE-01-G1   | -87.5    |
2025-12-28 21:35:55 - INFO - 1970   | SITE-01-G1   | -87.5    |
2025-12-28 21:35:55 - INFO - 1971   | SITE-01-G1   | -87.5    |
2025-12-28 21:35:55 - INFO - 1972   | SITE-01-G1   | -87.5    |
2025-12-28 21:35:55 - INFO - 1973   | SITE-01-G1   | -87.5    |
2025-12-28 21:35:55 - INFO - 1974   | SITE-01-G1   | -87.4    |
2025-12-28 21:35:55 - INFO - 1975   | SITE-01-G1   | -87.4    |
2025-12-28 21:35:55 - INFO - 1976   | SITE-01-G1   | -87.4    |
2025-12-28 21:35:55 - INFO - 1977   | SITE-01-G1   | -87.4    |
2025-12-28 21:35:55 - INFO - 1978   | SITE-01-G1   | -87.4    |
2025-12-28 21:35:55 - INFO - 1979   | SITE-01-G1   | -87.4    |
2025-12-28 21:35:55 - INFO - 1980   | SITE-01-G1   | -87.4    |
2025-12-28 21:35:55 - INFO - 1981   | SITE-01-G1   | -87.3    |
2025-12-28 21:35:55 - INFO - 1982   | SITE-01-G1   | -87.3    |
2025-12-28 21:35:55 - INFO - 1983   | SITE-01-G1   | -87.3    |
2025-12-28 21:35:55 - INFO - 1984   | SITE-01-G1   | -87.3    |
2025-12-28 21:35:55 - INFO - 1985   | SITE-01-G1   | -87.3    |
2025-12-28 21:35:55 - INFO - 1986   | SITE-01-G1   | -87.3    |
2025-12-28 21:35:55 - INFO - 1987   | SITE-01-G1   | -87.3    |
2025-12-28 21:35:55 - INFO - 1988   | SITE-01-G1   | -87.3    |
2025-12-28 21:35:55 - INFO - 1989   | SITE-01-G1   | -87.2    |
2025-12-28 21:35:55 - INFO - 1990   | SITE-01-G1   | -87.2    |
2025-12-28 21:35:55 - INFO - 1991   | SITE-01-G1   | -87.2    |
2025-12-28 21:35:55 - INFO - 1992   | SITE-01-G1   | -87.2    |
2025-12-28 21:35:55 - INFO - 1993   | SITE-01-G1   | -87.2    |
2025-12-28 21:35:55 - INFO - 1994   | SITE-01-G1   | -87.2    |
2025-12-28 21:35:55 - INFO - 1995   | SITE-01-G1   | -87.2    |
2025-12-28 21:35:55 - INFO - 1996   | SITE-01-G1   | -87.2    |
2025-12-28 21:35:55 - INFO - 1997   | SITE-01-G1   | -87.1    |
2025-12-28 21:35:55 - INFO - 1998   | SITE-01-G1   | -87.1    |
2025-12-28 21:35:55 - INFO - 1999   | SITE-01-G1   | -87.1    |
2025-12-28 21:35:55 - INFO - 2000   | SITE-01-G1   | -87.1    |
2025-12-28 21:35:55 - INFO - 2001   | SITE-01-G1   | -87.1    |
2025-12-28 21:35:55 - INFO - 2002   | SITE-01-G1   | -87.1    |
2025-12-28 21:35:55 - INFO - 2003   | SITE-01-G1   | -87.1    |
2025-12-28 21:35:55 - INFO - 2004   | SITE-01-G1   | -87.1    |
2025-12-28 21:35:55 - INFO - 2005   | SITE-01-G1   | -87.1    |
2025-12-28 21:35:55 - INFO - 2006   | SITE-01-G1   | -87.0    |
2025-12-28 21:35:55 - INFO - 2007   | SITE-01-G1   | -87.0    |
2025-12-28 21:35:55 - INFO - 2008   | SITE-01-G1   | -87.0    |
2025-12-28 21:35:55 - INFO - 2009   | SITE-01-G1   | -87.0    |
2025-12-28 21:35:55 - INFO - 2010   | SITE-01-G1   | -87.0    |
2025-12-28 21:35:55 - INFO - 2011   | SITE-01-G1   | -87.0    |
2025-12-28 21:35:55 - INFO - 2012   | SITE-01-G1   | -87.0    |
2025-12-28 21:35:55 - INFO - 2013   | SITE-01-G1   | -87.0    |
2025-12-28 21:35:55 - INFO - 2014   | SITE-01-G1   | -87.0    |
2025-12-28 21:35:55 - INFO - 2015   | SITE-01-G1   | -86.9    |
2025-12-28 21:35:55 - INFO - 2016   | SITE-01-G1   | -86.9    |
2025-12-28 21:35:55 - INFO - 2017   | SITE-01-G1   | -86.9    |
2025-12-28 21:35:55 - INFO - 2018   | SITE-01-G1   | -86.9    |
2025-12-28 21:35:55 - INFO - 2019   | SITE-01-G1   | -86.9    |
2025-12-28 21:35:55 - INFO - 2020   | SITE-01-G1   | -86.9    |
2025-12-28 21:35:55 - INFO - 2021   | SITE-01-G1   | -86.9    |
2025-12-28 21:35:55 - INFO - 2022   | SITE-01-G1   | -86.9    |
2025-12-28 21:35:55 - INFO - 2023   | SITE-01-G1   | -86.9    |
2025-12-28 21:35:55 - INFO - 2024   | SITE-01-G1   | -86.8    |
2025-12-28 21:35:55 - INFO - 2025   | SITE-01-G1   | -86.8    |
2025-12-28 21:35:55 - INFO - 2026   | SITE-01-G1   | -86.8    |
2025-12-28 21:35:55 - INFO - 2027   | SITE-01-G1   | -86.8    |
2025-12-28 21:35:55 - INFO - 2028   | SITE-01-G1   | -86.8    |
2025-12-28 21:35:55 - INFO - 2029   | SITE-01-G1   | -86.8    |
2025-12-28 21:35:55 - INFO - 2030   | SITE-01-G1   | -86.8    |
2025-12-28 21:35:55 - INFO - 2031   | SITE-01-G1   | -86.8    |
2025-12-28 21:35:55 - INFO - 2032   | SITE-01-G1   | -86.8    |
2025-12-28 21:35:55 - INFO - 2033   | SITE-01-G1   | -86.8    |
2025-12-28 21:35:55 - INFO - 2034   | SITE-01-G1   | -86.8    |
2025-12-28 21:35:55 - INFO - 2035   | SITE-01-G1   | -86.7    |
2025-12-28 21:35:55 - INFO - 2036   | SITE-01-G1   | -86.7    |
2025-12-28 21:35:55 - INFO - 2037   | SITE-01-G1   | -86.7    |
2025-12-28 21:35:55 - INFO - 2038   | SITE-01-G1   | -86.7    |
2025-12-28 21:35:55 - INFO - 2039   | SITE-01-G1   | -86.7    |
2025-12-28 21:35:55 - INFO - 2040   | SITE-01-G1   | -86.7    |
2025-12-28 21:35:55 - INFO - 2041   | SITE-01-G1   | -86.7    |
2025-12-28 21:35:55 - INFO - 2042   | SITE-01-G1   | -86.7    |
2025-12-28 21:35:55 - INFO - 2043   | SITE-01-G1   | -86.7    |
2025-12-28 21:35:55 - INFO - 2044   | SITE-01-G1   | -86.7    |
2025-12-28 21:35:55 - INFO - 2045   | SITE-01-G1   | -86.7    |
2025-12-28 21:35:55 - INFO - 2046   | SITE-01-G1   | -86.7    |
2025-12-28 21:35:55 - INFO - 2047   | SITE-01-G1   | -86.6    |
2025-12-28 21:35:55 - INFO - 2048   | SITE-01-G1   | -86.6    |
2025-12-28 21:35:55 - INFO - 2049   | SITE-01-G1   | -86.6    |
2025-12-28 21:35:55 - INFO - 2050   | SITE-01-G1   | -86.6    |
2025-12-28 21:35:55 - INFO - 2051   | SITE-01-G1   | -86.6    |
2025-12-28 21:35:55 - INFO - 2052   | SITE-01-G1   | -86.6    |
2025-12-28 21:35:55 - INFO - 2053   | SITE-01-G1   | -86.6    |
2025-12-28 21:35:55 - INFO - 2054   | SITE-01-G1   | -86.6    |
2025-12-28 21:35:55 - INFO - 2055   | SITE-01-G1   | -86.6    |
2025-12-28 21:35:55 - INFO - 2056   | SITE-01-G1   | -86.6    |
2025-12-28 21:35:55 - INFO - 2057   | SITE-01-G1   | -86.6    |
2025-12-28 21:35:55 - INFO - 2058   | SITE-01-G1   | -86.6    |
2025-12-28 21:35:55 - INFO - 2059   | SITE-01-G1   | -86.6    |
2025-12-28 21:35:55 - INFO - 2060   | SITE-01-G1   | -86.6    |
2025-12-28 21:35:55 - INFO - 2061   | SITE-01-G1   | -86.5    |
2025-12-28 21:35:55 - INFO - 2062   | SITE-01-G1   | -86.5    |
2025-12-28 21:35:55 - INFO - 2063   | SITE-01-G1   | -86.5    |
2025-12-28 21:35:55 - INFO - 2064   | SITE-01-G1   | -86.5    |
2025-12-28 21:35:55 - INFO - 2065   | SITE-01-G1   | -86.5    |
2025-12-28 21:35:55 - INFO - 2066   | SITE-01-G1   | -86.5    |
2025-12-28 21:35:55 - INFO - 2067   | SITE-01-G1   | -86.5    |
2025-12-28 21:35:55 - INFO - 2068   | SITE-01-G1   | -86.5    |
2025-12-28 21:35:55 - INFO - 2069   | SITE-01-G1   | -86.5    |
2025-12-28 21:35:55 - INFO - 2070   | SITE-01-G1   | -86.5    |
2025-12-28 21:35:55 - INFO - 2071   | SITE-01-G1   | -86.5    |
2025-12-28 21:35:55 - INFO - 2072   | SITE-01-G1   | -86.5    |
2025-12-28 21:35:55 - INFO - 2073   | SITE-01-G1   | -86.5    |
2025-12-28 21:35:55 - INFO - 2074   | SITE-01-G1   | -86.5    |
2025-12-28 21:35:55 - INFO - 2075   | SITE-01-G1   | -86.5    |
2025-12-28 21:35:55 - INFO - 2076   | SITE-01-G1   | -86.5    |
2025-12-28 21:35:55 - INFO - 2077   | SITE-01-G1   | -86.5    |
2025-12-28 21:35:55 - INFO - 2078   | SITE-01-G1   | -86.5    |
2025-12-28 21:35:55 - INFO - 2079   | SITE-01-G1   | -86.5    |
2025-12-28 21:35:55 - INFO - 2080   | SITE-01-G1   | -86.5    |
2025-12-28 21:35:55 - INFO - 2081   | SITE-01-G1   | -86.5    |
2025-12-28 21:35:55 - INFO - 2082   | SITE-01-G1   | -86.5    |
2025-12-28 21:35:55 - INFO - 2083   | SITE-01-G1   | -86.5    |
2025-12-28 21:35:55 - INFO - 2084   | SITE-01-G1   | -86.5    |
2025-12-28 21:35:55 - INFO - 2085   | SITE-01-G1   | -86.5    |
2025-12-28 21:35:55 - INFO - 2086   | SITE-01-G1   | -86.4    |
2025-12-28 21:35:55 - INFO - 2087   | SITE-01-G1   | -86.4    |
2025-12-28 21:35:55 - INFO - 2088   | SITE-01-G1   | -86.4    |
2025-12-28 21:35:55 - INFO - 2089   | SITE-01-G1   | -86.4    |
2025-12-28 21:35:55 - INFO - 2090   | SITE-01-G1   | -86.4    |
2025-12-28 21:35:55 - INFO - 2091   | SITE-01-G1   | -86.4    |
2025-12-28 21:35:55 - INFO - 2092   | SITE-01-G1   | -86.4    |
2025-12-28 21:35:55 - INFO - 2093   | SITE-01-G1   | -86.4    |
2025-12-28 21:35:55 - INFO - 2094   | SITE-01-G1   | -86.4    |
2025-12-28 21:35:55 - INFO - 2095   | SITE-01-G1   | -86.4    |
2025-12-28 21:35:55 - INFO - 2096   | SITE-01-G1   | -86.4    |
2025-12-28 21:35:55 - INFO - 2097   | SITE-01-G1   | -86.4    |
2025-12-28 21:35:55 - INFO - 2098   | SITE-01-G1   | -86.4    |
2025-12-28 21:35:55 - INFO - 2099   | SITE-01-G1   | -86.4    |
2025-12-28 21:35:55 - INFO - 2100   | SITE-01-G1   | -86.4    |
2025-12-28 21:35:55 - INFO - 2101   | SITE-01-G1   | -86.4    |
2025-12-28 21:35:55 - INFO - 2102   | SITE-01-G1   | -86.4    |
2025-12-28 21:35:55 - INFO - 2103   | SITE-01-G1   | -86.4    |
2025-12-28 21:35:55 - INFO - 2104   | SITE-01-G1   | -86.4    |
2025-12-28 21:35:55 - INFO - 2105   | SITE-01-G1   | -86.4    |
2025-12-28 21:35:55 - INFO - 2106   | SITE-01-G1   | -86.4    |
2025-12-28 21:35:55 - INFO - 2107   | SITE-01-G1   | -86.4    |
2025-12-28 21:35:55 - INFO - 2108   | SITE-01-G1   | -86.4    |
2025-12-28 21:35:55 - INFO - 2109   | SITE-01-G1   | -86.4    |
2025-12-28 21:35:55 - INFO - 2110   | SITE-01-G1   | -86.4    |
2025-12-28 21:35:55 - INFO - 2111   | SITE-01-G1   | -86.4    |
2025-12-28 21:35:55 - INFO - 2112   | SITE-01-G1   | -86.4    |
2025-12-28 21:35:55 - INFO - 2113   | SITE-01-G1   | -86.4    |
2025-12-28 21:35:55 - INFO - 2114   | SITE-01-G1   | -86.4    |
2025-12-28 21:35:55 - INFO - 2115   | SITE-01-G1   | -86.4    |
2025-12-28 21:35:55 - INFO - 2116   | SITE-01-G1   | -86.4    |
2025-12-28 21:35:55 - INFO - 2117   | SITE-01-G1   | -86.4    |
2025-12-28 21:35:55 - INFO - 2118   | SITE-01-G1   | -86.4    |
2025-12-28 21:35:55 - INFO - 2119   | SITE-01-G1   | -86.4    |
2025-12-28 21:35:55 - INFO - 2120   | SITE-01-G1   | -86.4    |
2025-12-28 21:35:55 - INFO - 2121   | SITE-01-G1   | -86.4    |
2025-12-28 21:35:55 - INFO - 2122   | SITE-01-G1   | -86.4    |
2025-12-28 21:35:55 - INFO - 2123   | SITE-01-G1   | -86.4    |
2025-12-28 21:35:55 - INFO - 2124   | SITE-01-G1   | -86.4    |
2025-12-28 21:35:55 - INFO - 2125   | SITE-01-G1   | -86.4    |
2025-12-28 21:35:55 - INFO - 2126   | SITE-01-G1   | -86.4    |
2025-12-28 21:35:55 - INFO - 2127   | SITE-01-G1   | -86.4    |
2025-12-28 21:35:55 - INFO - 2128   | SITE-01-G1   | -86.4    |
2025-12-28 21:35:55 - INFO - 2129   | SITE-01-G1   | -86.5    |
2025-12-28 21:35:55 - INFO - 2130   | SITE-01-G1   | -86.5    |
2025-12-28 21:35:55 - INFO - 2131   | SITE-01-G1   | -86.4    |
2025-12-28 21:35:55 - INFO - 2132   | SITE-01-G1   | -86.4    |
2025-12-28 21:35:55 - INFO - 2133   | SITE-01-G1   | -86.5    |
2025-12-28 21:35:55 - INFO - 2134   | SITE-01-G1   | -86.5    |
2025-12-28 21:35:55 - INFO - 2135   | SITE-01-G1   | -86.5    |
2025-12-28 21:35:55 - INFO - 2136   | SITE-01-G1   | -86.5    |
2025-12-28 21:35:55 - INFO - 2137   | SITE-01-G1   | -86.5    |
2025-12-28 21:35:55 - INFO - 2138   | SITE-01-G1   | -86.5    |
2025-12-28 21:35:55 - INFO - 2139   | SITE-01-G1   | -86.5    |
2025-12-28 21:35:55 - INFO - 2140   | SITE-01-G1   | -86.5    |
2025-12-28 21:35:55 - INFO - 2141   | SITE-01-G1   | -86.5    |
2025-12-28 21:35:55 - INFO - 2142   | SITE-01-G1   | -86.5    |
2025-12-28 21:35:55 - INFO - 2143   | SITE-01-G1   | -86.5    |
2025-12-28 21:35:55 - INFO - 2144   | SITE-01-G1   | -86.5    |
2025-12-28 21:35:55 - INFO - 2145   | SITE-01-G1   | -86.5    |
2025-12-28 21:35:55 - INFO - 2146   | SITE-01-G1   | -86.5    |
2025-12-28 21:35:55 - INFO - 2147   | SITE-01-G1   | -86.5    |
2025-12-28 21:35:55 - INFO - 2148   | SITE-01-G1   | -86.5    |
2025-12-28 21:35:55 - INFO - 2149   | SITE-01-G1   | -86.5    |
2025-12-28 21:35:55 - INFO - 2150   | SITE-01-G1   | -86.5    |
2025-12-28 21:35:55 - INFO - 2151   | SITE-01-G1   | -86.5    |
2025-12-28 21:35:55 - INFO - 2152   | SITE-01-G1   | -86.5    |
2025-12-28 21:35:55 - INFO - 2153   | SITE-01-G1   | -86.5    |
2025-12-28 21:35:55 - INFO - 2154   | SITE-01-G1   | -86.6    |
2025-12-28 21:35:55 - INFO - 2155   | SITE-01-G1   | -86.6    |
2025-12-28 21:35:55 - INFO - 2156   | SITE-01-G1   | -86.6    |
2025-12-28 21:35:55 - INFO - 2157   | SITE-01-G1   | -86.6    |
2025-12-28 21:35:55 - INFO - 2158   | SITE-01-G1   | -86.6    |
2025-12-28 21:35:55 - INFO - 2159   | SITE-01-G1   | -86.6    |
2025-12-28 21:35:55 - INFO - 2160   | SITE-01-G1   | -86.6    |
2025-12-28 21:35:55 - INFO - 2161   | SITE-01-G1   | -86.6    |
2025-12-28 21:35:55 - INFO - 2162   | SITE-01-G1   | -86.6    |
2025-12-28 21:35:55 - INFO - 2163   | SITE-01-G1   | -86.6    |
2025-12-28 21:35:55 - INFO - 2164   | SITE-01-G1   | -86.6    |
2025-12-28 21:35:55 - INFO - 2165   | SITE-01-G1   | -86.6    |
2025-12-28 21:35:55 - INFO - 2166   | SITE-01-G1   | -86.6    |
2025-12-28 21:35:55 - INFO - 2167   | SITE-01-G1   | -86.6    |
2025-12-28 21:35:55 - INFO - 2168   | SITE-01-G1   | -86.7    |
2025-12-28 21:35:55 - INFO - 2169   | SITE-01-G1   | -86.6    |
2025-12-28 21:35:55 - INFO - 2170   | SITE-01-G1   | -86.7    |
2025-12-28 21:35:55 - INFO - 2171   | SITE-01-G1   | -86.7    |
2025-12-28 21:35:55 - INFO - 2172   | SITE-01-G1   | -86.7    |
2025-12-28 21:35:55 - INFO - 2173   | SITE-01-G1   | -86.7    |
2025-12-28 21:35:55 - INFO - 2174   | SITE-01-G1   | -86.7    |
2025-12-28 21:35:55 - INFO - 2175   | SITE-01-G1   | -86.7    |
2025-12-28 21:35:55 - INFO - 2176   | SITE-01-G1   | -86.7    |
2025-12-28 21:35:55 - INFO - 2177   | SITE-01-G1   | -86.7    |
2025-12-28 21:35:55 - INFO - 2178   | SITE-01-G1   | -86.7    |
2025-12-28 21:35:55 - INFO - 2179   | SITE-01-G1   | -86.7    |
2025-12-28 21:35:55 - INFO - 2180   | SITE-01-G1   | -86.8    |
2025-12-28 21:35:55 - INFO - 2181   | SITE-01-G1   | -86.8    |
2025-12-28 21:35:55 - INFO - 2182   | SITE-01-G1   | -86.8    |
2025-12-28 21:35:55 - INFO - 2183   | SITE-01-G1   | -86.8    |
2025-12-28 21:35:55 - INFO - 2184   | SITE-01-G1   | -86.8    |
2025-12-28 21:35:55 - INFO - 2185   | SITE-01-G1   | -86.8    |
2025-12-28 21:35:55 - INFO - 2186   | SITE-01-G1   | -86.8    |
2025-12-28 21:35:55 - INFO - 2187   | SITE-01-G1   | -86.8    |
2025-12-28 21:35:55 - INFO - 2188   | SITE-01-G1   | -86.8    |
2025-12-28 21:35:55 - INFO - 2189   | SITE-01-G1   | -86.8    |
2025-12-28 21:35:55 - INFO - 2190   | SITE-01-G1   | -86.8    |
2025-12-28 21:35:55 - INFO - 2191   | SITE-01-G1   | -86.8    |
2025-12-28 21:35:55 - INFO - 2192   | SITE-01-G1   | -86.9    |
2025-12-28 21:35:55 - INFO - 2193   | SITE-01-G1   | -86.9    |
2025-12-28 21:35:55 - INFO - 2194   | SITE-01-G1   | -86.9    |
2025-12-28 21:35:55 - INFO - 2195   | SITE-01-G1   | -86.9    |
2025-12-28 21:35:55 - INFO - 2196   | SITE-01-G1   | -86.9    |
2025-12-28 21:35:55 - INFO - 2197   | SITE-01-G1   | -86.9    |
2025-12-28 21:35:55 - INFO - 2198   | SITE-01-G1   | -86.9    |
2025-12-28 21:35:55 - INFO - 2199   | SITE-01-G1   | -86.9    |
2025-12-28 21:35:55 - INFO - 2200   | SITE-01-G1   | -86.9    |
2025-12-28 21:35:55 - INFO - 2201   | SITE-01-G1   | -86.9    |
2025-12-28 21:35:55 - INFO - 2202   | SITE-01-G1   | -87.0    |
2025-12-28 21:35:55 - INFO - 2203   | SITE-01-G1   | -87.0    |
2025-12-28 21:35:55 - INFO - 2204   | SITE-01-G1   | -87.0    |
2025-12-28 21:35:55 - INFO - 2205   | SITE-01-G1   | -87.0    |
2025-12-28 21:35:55 - INFO - 2206   | SITE-01-G1   | -87.0    |
2025-12-28 21:35:55 - INFO - 2207   | SITE-01-G1   | -87.0    |
2025-12-28 21:35:55 - INFO - 2208   | SITE-01-G1   | -87.0    |
2025-12-28 21:35:55 - INFO - 2209   | SITE-01-G1   | -87.0    |
2025-12-28 21:35:55 - INFO - 2210   | SITE-01-G1   | -87.1    |
2025-12-28 21:35:55 - INFO - 2211   | SITE-01-G1   | -87.1    |
2025-12-28 21:35:55 - INFO - 2212   | SITE-01-G1   | -87.1    |
2025-12-28 21:35:55 - INFO - 2213   | SITE-01-G1   | -87.1    |
2025-12-28 21:35:55 - INFO - 2214   | SITE-01-G1   | -87.1    |
2025-12-28 21:35:55 - INFO - 2215   | SITE-01-G1   | -87.1    |
2025-12-28 21:35:55 - INFO - 2216   | SITE-01-G1   | -87.1    |
2025-12-28 21:35:55 - INFO - 2217   | SITE-01-G1   | -87.1    |
2025-12-28 21:35:55 - INFO - 2218   | SITE-01-G1   | -87.1    |
2025-12-28 21:35:55 - INFO - 2219   | SITE-01-G1   | -87.2    |
2025-12-28 21:35:55 - INFO - 2220   | SITE-01-G1   | -87.2    |
2025-12-28 21:35:55 - INFO - 2221   | SITE-01-G1   | -87.2    |
2025-12-28 21:35:55 - INFO - 2222   | SITE-01-G1   | -87.2    |
2025-12-28 21:35:55 - INFO - 2223   | SITE-01-G1   | -87.2    |
2025-12-28 21:35:55 - INFO - 2224   | SITE-01-G1   | -87.2    |
2025-12-28 21:35:55 - INFO - 2225   | SITE-01-G1   | -87.2    |
2025-12-28 21:35:55 - INFO - 2226   | SITE-01-G1   | -87.2    |
2025-12-28 21:35:55 - INFO - 2227   | SITE-01-G1   | -87.3    |
2025-12-28 21:35:55 - INFO - 2228   | SITE-01-G1   | -87.3    |
2025-12-28 21:35:55 - INFO - 2229   | SITE-01-G1   | -87.3    |
2025-12-28 21:35:55 - INFO - 2230   | SITE-01-G1   | -87.3    |
2025-12-28 21:35:55 - INFO - 2231   | SITE-01-G1   | -87.3    |
2025-12-28 21:35:55 - INFO - 2232   | SITE-01-G1   | -87.3    |
2025-12-28 21:35:55 - INFO - 2233   | SITE-01-G1   | -87.3    |
2025-12-28 21:35:55 - INFO - 2234   | SITE-01-G1   | -87.3    |
2025-12-28 21:35:55 - INFO - 2235   | SITE-01-G1   | -87.3    |
2025-12-28 21:35:55 - INFO - 2236   | SITE-01-G1   | -87.3    |
2025-12-28 21:35:55 - INFO - 2237   | SITE-01-G1   | -87.2    |
2025-12-28 21:35:55 - INFO - 2238   | SITE-01-G1   | -87.2    |
2025-12-28 21:35:55 - INFO - 2239   | SITE-01-G1   | -87.2    |
2025-12-28 21:35:55 - INFO - 2240   | SITE-01-G1   | -87.2    |
2025-12-28 21:35:55 - INFO - 2241   | SITE-01-G1   | -87.2    |
2025-12-28 21:35:55 - INFO - 2242   | SITE-01-N1   | -87.2    | RESELECTION
2025-12-28 21:35:55 - INFO - 2266   | SITE-02-G1   | -86.8    |
2025-12-28 21:35:55 - INFO - 2267   | SITE-02-G1   | -86.8    |
2025-12-28 21:35:55 - INFO - 2268   | SITE-02-G1   | -86.8    |
2025-12-28 21:35:55 - INFO - 2269   | SITE-02-G1   | -86.8    |
2025-12-28 21:35:55 - INFO - 2270   | SITE-02-G1   | -86.8    |
2025-12-28 21:35:55 - INFO - 2271   | SITE-02-G1   | -86.7    |
2025-12-28 21:35:55 - INFO - 2272   | SITE-02-G1   | -86.7    |
2025-12-28 21:35:55 - INFO - 2273   | SITE-02-G1   | -86.7    |
2025-12-28 21:35:55 - INFO - 2274   | SITE-02-G1   | -86.7    |
2025-12-28 21:35:55 - INFO - 2275   | SITE-02-G1   | -86.7    |
2025-12-28 21:35:55 - INFO - 2276   | SITE-02-G1   | -86.7    |
2025-12-28 21:35:55 - INFO - 2277   | SITE-02-G1   | -86.7    |
2025-12-28 21:35:55 - INFO - 2278   | SITE-02-G1   | -86.7    |
2025-12-28 21:35:55 - INFO - 2279   | SITE-02-G1   | -86.6    |
2025-12-28 21:35:55 - INFO - 2280   | SITE-02-G1   | -86.6    |
2025-12-28 21:35:55 - INFO - 2281   | SITE-02-G1   | -86.6    |
2025-12-28 21:35:55 - INFO - 2282   | SITE-02-G1   | -86.6    |
2025-12-28 21:35:55 - INFO - 2283   | SITE-02-G1   | -86.6    |
2025-12-28 21:35:55 - INFO - 2284   | SITE-02-G1   | -86.6    |
2025-12-28 21:35:55 - INFO - 2285   | SITE-02-G1   | -86.6    |
2025-12-28 21:35:55 - INFO - 2286   | SITE-02-G1   | -86.5    |
2025-12-28 21:35:55 - INFO - 2287   | SITE-02-G1   | -86.5    |
2025-12-28 21:35:55 - INFO - 2288   | SITE-02-G1   | -86.5    |
2025-12-28 21:35:55 - INFO - 2289   | SITE-02-G1   | -86.5    |
2025-12-28 21:35:55 - INFO - 2290   | SITE-02-G1   | -86.5    |
2025-12-28 21:35:55 - INFO - 2291   | SITE-02-G1   | -86.5    |
2025-12-28 21:35:55 - INFO - 2292   | SITE-02-G1   | -86.5    |
2025-12-28 21:35:55 - INFO - 2293   | SITE-02-G1   | -86.5    |
2025-12-28 21:35:55 - INFO - 2294   | SITE-02-G1   | -86.4    |
2025-12-28 21:35:55 - INFO - 2295   | SITE-02-G1   | -86.4    |
2025-12-28 21:35:55 - INFO - 2296   | SITE-02-G1   | -86.4    |
2025-12-28 21:35:55 - INFO - 2297   | SITE-02-G1   | -86.4    |
2025-12-28 21:35:55 - INFO - 2298   | SITE-02-G1   | -86.4    |
2025-12-28 21:35:55 - INFO - 2299   | SITE-02-G1   | -86.4    |
2025-12-28 21:35:55 - INFO - 2300   | SITE-02-G1   | -86.4    |
2025-12-28 21:35:55 - INFO - 2301   | SITE-02-G1   | -86.4    |
2025-12-28 21:35:55 - INFO - 2302   | SITE-02-G1   | -86.4    |
2025-12-28 21:35:55 - INFO - 2303   | SITE-02-G1   | -86.4    |
2025-12-28 21:35:55 - INFO - 2304   | SITE-02-G1   | -86.3    |
2025-12-28 21:35:55 - INFO - 2305   | SITE-02-G1   | -86.3    |
2025-12-28 21:35:55 - INFO - 2306   | SITE-02-G1   | -86.3    |
2025-12-28 21:35:55 - INFO - 2307   | SITE-02-G1   | -86.3    |
2025-12-28 21:35:55 - INFO - 2308   | SITE-02-G1   | -86.3    |
2025-12-28 21:35:55 - INFO - 2309   | SITE-02-G1   | -86.3    |
2025-12-28 21:35:55 - INFO - 2310   | SITE-02-G1   | -86.3    |
2025-12-28 21:35:55 - INFO - 2311   | SITE-02-G1   | -86.3    |
2025-12-28 21:35:55 - INFO - 2312   | SITE-02-G1   | -86.3    |
2025-12-28 21:35:55 - INFO - 2313   | SITE-02-G1   | -86.2    |
2025-12-28 21:35:55 - INFO - 2314   | SITE-02-G1   | -86.2    |
2025-12-28 21:35:55 - INFO - 2315   | SITE-02-G1   | -86.2    |
2025-12-28 21:35:55 - INFO - 2316   | SITE-02-G1   | -86.2    |
2025-12-28 21:35:55 - INFO - 2317   | SITE-02-G1   | -86.2    |
2025-12-28 21:35:55 - INFO - 2318   | SITE-02-G1   | -86.2    |
2025-12-28 21:35:55 - INFO - 2319   | SITE-02-G1   | -86.2    |
2025-12-28 21:35:55 - INFO - 2320   | SITE-02-G1   | -86.2    |
2025-12-28 21:35:55 - INFO - 2321   | SITE-02-G1   | -86.2    |
2025-12-28 21:35:55 - INFO - 2322   | SITE-02-G1   | -86.2    |
2025-12-28 21:35:55 - INFO - 2323   | SITE-02-G1   | -86.2    |
2025-12-28 21:35:55 - INFO - 2324   | SITE-02-G1   | -86.2    |
2025-12-28 21:35:55 - INFO - 2325   | SITE-02-G1   | -86.1    |
2025-12-28 21:35:55 - INFO - 2326   | SITE-02-G1   | -86.1    |
2025-12-28 21:35:55 - INFO - 2327   | SITE-02-G1   | -86.1    |
2025-12-28 21:35:55 - INFO - 2328   | SITE-02-G1   | -86.1    |
2025-12-28 21:35:55 - INFO - 2329   | SITE-02-G1   | -86.1    |
2025-12-28 21:35:55 - INFO - 2330   | SITE-02-G1   | -86.1    |
2025-12-28 21:35:55 - INFO - 2331   | SITE-02-G1   | -86.1    |
2025-12-28 21:35:55 - INFO - 2332   | SITE-02-G1   | -86.1    |
2025-12-28 21:35:55 - INFO - 2333   | SITE-02-G1   | -86.1    |
2025-12-28 21:35:55 - INFO - 2334   | SITE-02-G1   | -86.1    |
2025-12-28 21:35:55 - INFO - 2335   | SITE-02-G1   | -86.1    |
2025-12-28 21:35:55 - INFO - 2336   | SITE-02-G1   | -86.1    |
2025-12-28 21:35:55 - INFO - 2337   | SITE-02-G1   | -86.1    |
2025-12-28 21:35:55 - INFO - 2338   | SITE-02-G1   | -86.0    |
2025-12-28 21:35:55 - INFO - 2339   | SITE-02-G1   | -86.0    |
2025-12-28 21:35:55 - INFO - 2340   | SITE-02-G1   | -86.0    |
2025-12-28 21:35:55 - INFO - 2341   | SITE-02-G1   | -86.0    |
2025-12-28 21:35:55 - INFO - 2342   | SITE-02-G1   | -86.0    |
2025-12-28 21:35:55 - INFO - 2343   | SITE-02-G1   | -86.0    |
2025-12-28 21:35:55 - INFO - 2344   | SITE-02-G1   | -86.0    |
2025-12-28 21:35:55 - INFO - 2345   | SITE-02-G1   | -86.0    |
2025-12-28 21:35:55 - INFO - 2346   | SITE-02-G1   | -86.0    |
2025-12-28 21:35:55 - INFO - 2347   | SITE-02-G1   | -86.0    |
2025-12-28 21:35:55 - INFO - 2348   | SITE-02-G1   | -86.0    |
2025-12-28 21:35:55 - INFO - 2349   | SITE-02-G1   | -86.0    |
2025-12-28 21:35:55 - INFO - 2350   | SITE-02-G1   | -86.0    |
2025-12-28 21:35:55 - INFO - 2351   | SITE-02-G1   | -86.0    |
2025-12-28 21:35:55 - INFO - 2352   | SITE-02-G1   | -86.0    |
2025-12-28 21:35:55 - INFO - 2353   | SITE-02-G1   | -86.0    |
2025-12-28 21:35:55 - INFO - 2354   | SITE-02-G1   | -86.0    |
2025-12-28 21:35:55 - INFO - 2355   | SITE-02-G1   | -86.0    |
2025-12-28 21:35:55 - INFO - 2356   | SITE-02-G1   | -86.0    |
2025-12-28 21:35:55 - INFO - 2357   | SITE-02-G1   | -85.9    |
2025-12-28 21:35:55 - INFO - 2358   | SITE-02-G1   | -85.9    |
2025-12-28 21:35:55 - INFO - 2359   | SITE-02-G1   | -85.9    |
2025-12-28 21:35:55 - INFO - 2360   | SITE-02-G1   | -85.9    |
2025-12-28 21:35:55 - INFO - 2361   | SITE-02-G1   | -85.9    |
2025-12-28 21:35:55 - INFO - 2362   | SITE-02-G1   | -85.9    |
2025-12-28 21:35:55 - INFO - 2363   | SITE-02-G1   | -85.9    |
2025-12-28 21:35:55 - INFO - 2364   | SITE-02-G1   | -85.9    |
2025-12-28 21:35:55 - INFO - 2365   | SITE-02-G1   | -85.9    |
2025-12-28 21:35:55 - INFO - 2366   | SITE-02-G1   | -85.9    |
2025-12-28 21:35:55 - INFO - 2367   | SITE-02-G1   | -85.9    |
2025-12-28 21:35:55 - INFO - 2368   | SITE-02-G1   | -85.9    |
2025-12-28 21:35:55 - INFO - 2369   | SITE-02-G1   | -85.9    |
2025-12-28 21:35:55 - INFO - 2370   | SITE-02-G1   | -85.9    |
2025-12-28 21:35:55 - INFO - 2371   | SITE-02-G1   | -85.9    |
2025-12-28 21:35:55 - INFO - 2372   | SITE-02-G1   | -85.9    |
2025-12-28 21:35:55 - INFO - 2373   | SITE-02-G1   | -85.9    |
2025-12-28 21:35:55 - INFO - 2374   | SITE-02-G1   | -85.9    |
2025-12-28 21:35:55 - INFO - 2375   | SITE-02-G1   | -85.9    |
2025-12-28 21:35:55 - INFO - 2376   | SITE-02-G1   | -85.9    |
2025-12-28 21:35:55 - INFO - 2377   | SITE-02-G1   | -85.9    |
2025-12-28 21:35:55 - INFO - 2378   | SITE-02-G1   | -85.9    |
2025-12-28 21:35:55 - INFO - 2379   | SITE-02-G1   | -85.9    |
2025-12-28 21:35:55 - INFO - 2380   | SITE-02-G1   | -85.9    |
2025-12-28 21:35:55 - INFO - 2381   | SITE-02-G1   | -85.9    |
2025-12-28 21:35:55 - INFO - 2382   | SITE-02-G1   | -85.9    |
2025-12-28 21:35:55 - INFO - 2383   | SITE-02-G1   | -85.9    |
2025-12-28 21:35:55 - INFO - 2384   | SITE-02-G1   | -85.9    |
2025-12-28 21:35:55 - INFO - 2385   | SITE-02-G1   | -85.9    |
2025-12-28 21:35:55 - INFO - 2386   | SITE-02-G1   | -85.9    |
2025-12-28 21:35:55 - INFO - 2387   | SITE-02-G1   | -85.9    |
2025-12-28 21:35:55 - INFO - 2388   | SITE-02-G1   | -85.9    |
2025-12-28 21:35:55 - INFO - 2389   | SITE-02-G1   | -85.9    |
2025-12-28 21:35:55 - INFO - 2390   | SITE-02-G1   | -85.9    |
2025-12-28 21:35:55 - INFO - 2391   | SITE-02-G1   | -85.9    |
2025-12-28 21:35:55 - INFO - 2392   | SITE-02-G1   | -85.9    |
2025-12-28 21:35:55 - INFO - 2393   | SITE-02-G1   | -85.9    |
2025-12-28 21:35:55 - INFO - 2394   | SITE-02-G1   | -85.9    |
2025-12-28 21:35:55 - INFO - 2395   | SITE-02-G1   | -85.9    |
2025-12-28 21:35:55 - INFO - 2396   | SITE-02-G1   | -85.9    |
2025-12-28 21:35:55 - INFO - 2397   | SITE-02-G1   | -85.9    |
2025-12-28 21:35:55 - INFO - 2398   | SITE-02-G1   | -85.9    |
2025-12-28 21:35:55 - INFO - 2399   | SITE-02-G1   | -85.9    |
2025-12-28 21:35:55 - INFO - 2400   | SITE-02-G1   | -85.9    |
2025-12-28 21:35:55 - INFO - 2401   | SITE-02-G1   | -85.9    |
2025-12-28 21:35:55 - INFO - 2402   | SITE-02-G1   | -85.9    |
2025-12-28 21:35:55 - INFO - 2403   | SITE-02-G1   | -85.9    |
2025-12-28 21:35:55 - INFO - 2404   | SITE-02-G1   | -85.9    |
2025-12-28 21:35:55 - INFO - 2405   | SITE-02-G1   | -85.9    |
2025-12-28 21:35:55 - INFO - 2406   | SITE-02-G1   | -85.9    |
2025-12-28 21:35:55 - INFO - 2407   | SITE-02-G1   | -85.9    |
2025-12-28 21:35:55 - INFO - 2408   | SITE-02-G1   | -85.9    |
2025-12-28 21:35:55 - INFO - 2409   | SITE-02-G1   | -85.9    |
2025-12-28 21:35:55 - INFO - 2410   | SITE-02-G1   | -85.9    |
2025-12-28 21:35:55 - INFO - 2411   | SITE-02-G1   | -86.0    |
2025-12-28 21:35:55 - INFO - 2412   | SITE-02-G1   | -86.0    |
2025-12-28 21:35:55 - INFO - 2413   | SITE-02-G1   | -86.0    |
2025-12-28 21:35:55 - INFO - 2414   | SITE-02-G1   | -86.0    |
2025-12-28 21:35:55 - INFO - 2415   | SITE-02-G1   | -86.0    |
2025-12-28 21:35:55 - INFO - 2416   | SITE-02-G1   | -86.0    |
2025-12-28 21:35:55 - INFO - 2417   | SITE-02-G1   | -86.0    |
2025-12-28 21:35:55 - INFO - 2418   | SITE-02-G1   | -86.0    |
2025-12-28 21:35:55 - INFO - 2419   | SITE-02-G1   | -86.0    |
2025-12-28 21:35:55 - INFO - 2420   | SITE-02-G1   | -86.0    |
2025-12-28 21:35:55 - INFO - 2421   | SITE-02-G1   | -86.0    |
2025-12-28 21:35:55 - INFO - 2422   | SITE-02-G1   | -86.0    |
2025-12-28 21:35:55 - INFO - 2423   | SITE-02-G1   | -86.0    |
2025-12-28 21:35:55 - INFO - 2424   | SITE-02-G1   | -86.0    |
2025-12-28 21:35:55 - INFO - 2425   | SITE-02-G1   | -86.0    |
2025-12-28 21:35:55 - INFO - 2426   | SITE-02-G1   | -86.0    |
2025-12-28 21:35:55 - INFO - 2427   | SITE-02-G1   | -86.0    |
2025-12-28 21:35:55 - INFO - 2428   | SITE-02-G1   | -86.0    |
2025-12-28 21:35:55 - INFO - 2429   | SITE-02-G1   | -86.0    |
2025-12-28 21:35:55 - INFO - 2430   | SITE-02-G1   | -86.1    |
2025-12-28 21:35:55 - INFO - 2431   | SITE-02-G1   | -86.1    |
2025-12-28 21:35:55 - INFO - 2432   | SITE-02-G1   | -86.1    |
2025-12-28 21:35:55 - INFO - 2433   | SITE-02-G1   | -86.1    |
2025-12-28 21:35:55 - INFO - 2434   | SITE-02-G1   | -86.1    |
2025-12-28 21:35:55 - INFO - 2435   | SITE-02-G1   | -86.1    |
2025-12-28 21:35:55 - INFO - 2436   | SITE-02-G1   | -86.1    |
2025-12-28 21:35:55 - INFO - 2437   | SITE-02-G1   | -86.1    |
2025-12-28 21:35:55 - INFO - 2438   | SITE-02-G1   | -86.1    |
2025-12-28 21:35:55 - INFO - 2439   | SITE-02-G1   | -86.1    |
2025-12-28 21:35:55 - INFO - 2440   | SITE-02-G1   | -86.1    |
2025-12-28 21:35:55 - INFO - 2441   | SITE-02-G1   | -86.1    |
2025-12-28 21:35:55 - INFO - 2442   | SITE-02-G1   | -86.1    |
2025-12-28 21:35:55 - INFO - 2443   | SITE-02-G1   | -86.2    |
2025-12-28 21:35:55 - INFO - 2444   | SITE-02-G1   | -86.2    |
2025-12-28 21:35:55 - INFO - 2445   | SITE-02-G1   | -86.2    |
2025-12-28 21:35:55 - INFO - 2446   | SITE-02-G1   | -86.2    |
2025-12-28 21:35:55 - INFO - 2447   | SITE-02-G1   | -86.2    |
2025-12-28 21:35:55 - INFO - 2448   | SITE-02-G1   | -86.2    |
2025-12-28 21:35:55 - INFO - 2449   | SITE-02-G1   | -86.2    |
2025-12-28 21:35:55 - INFO - 2450   | SITE-02-G1   | -86.2    |
2025-12-28 21:35:55 - INFO - 2451   | SITE-02-G1   | -86.2    |
2025-12-28 21:35:55 - INFO - 2452   | SITE-02-G1   | -86.2    |
2025-12-28 21:35:55 - INFO - 2453   | SITE-02-G1   | -86.2    |
2025-12-28 21:35:55 - INFO - 2454   | SITE-02-G1   | -86.2    |
2025-12-28 21:35:55 - INFO - 2455   | SITE-02-G1   | -86.3    |
2025-12-28 21:35:55 - INFO - 2456   | SITE-02-G1   | -86.3    |
2025-12-28 21:35:55 - INFO - 2457   | SITE-02-G1   | -86.3    |
2025-12-28 21:35:55 - INFO - 2458   | SITE-02-G1   | -86.3    |
2025-12-28 21:35:55 - INFO - 2459   | SITE-02-G1   | -86.3    |
2025-12-28 21:35:55 - INFO - 2460   | SITE-02-G1   | -86.3    |
2025-12-28 21:35:55 - INFO - 2461   | SITE-02-G1   | -86.3    |
2025-12-28 21:35:55 - INFO - 2462   | SITE-02-G1   | -86.3    |
2025-12-28 21:35:55 - INFO - 2463   | SITE-02-G1   | -86.3    |
2025-12-28 21:35:55 - INFO - 2464   | SITE-02-G1   | -86.3    |
2025-12-28 21:35:55 - INFO - 2465   | SITE-02-G1   | -86.4    |
2025-12-28 21:35:55 - INFO - 2466   | SITE-02-G1   | -86.4    |
2025-12-28 21:35:55 - INFO - 2467   | SITE-02-G1   | -86.4    |
2025-12-28 21:35:55 - INFO - 2468   | SITE-02-G1   | -86.4    |
2025-12-28 21:35:55 - INFO - 2469   | SITE-02-G1   | -86.4    |
2025-12-28 21:35:55 - INFO - 2470   | SITE-02-G1   | -86.4    |
2025-12-28 21:35:55 - INFO - 2471   | SITE-02-G1   | -86.4    |
2025-12-28 21:35:55 - INFO - 2472   | SITE-02-G1   | -86.4    |
2025-12-28 21:35:55 - INFO - 2473   | SITE-02-G1   | -86.4    |
2025-12-28 21:35:55 - INFO - 2474   | SITE-02-G1   | -86.5    |
2025-12-28 21:35:55 - INFO - 2475   | SITE-02-G1   | -86.5    |
2025-12-28 21:35:55 - INFO - 2476   | SITE-02-G1   | -86.5    |
2025-12-28 21:35:55 - INFO - 2477   | SITE-02-G1   | -86.5    |
2025-12-28 21:35:55 - INFO - 2478   | SITE-02-G1   | -86.5    |
2025-12-28 21:35:55 - INFO - 2479   | SITE-02-G1   | -86.5    |
2025-12-28 21:35:55 - INFO - 2480   | SITE-02-G1   | -86.5    |
2025-12-28 21:35:55 - INFO - 2481   | SITE-02-G1   | -86.5    |
2025-12-28 21:35:55 - INFO - 2482   | SITE-02-G1   | -86.6    |
2025-12-28 21:35:55 - INFO - 2483   | SITE-02-G1   | -86.6    |
2025-12-28 21:35:55 - INFO - 2484   | SITE-02-G1   | -86.6    |
2025-12-28 21:35:55 - INFO - 2485   | SITE-02-G1   | -86.6    |
2025-12-28 21:35:55 - INFO - 2486   | SITE-02-G1   | -86.6    |
2025-12-28 21:35:55 - INFO - 2487   | SITE-02-G1   | -86.6    |
2025-12-28 21:35:55 - INFO - 2488   | SITE-02-G1   | -86.6    |
2025-12-28 21:35:55 - INFO - 2489   | SITE-02-G1   | -86.7    |
2025-12-28 21:35:55 - INFO - 2490   | SITE-02-G1   | -86.7    |
2025-12-28 21:35:55 - INFO - 2491   | SITE-02-G1   | -86.7    |
2025-12-28 21:35:55 - INFO - 2492   | SITE-02-G1   | -86.7    |
2025-12-28 21:35:55 - INFO - 2493   | SITE-02-G1   | -86.7    |
2025-12-28 21:35:55 - INFO - 2494   | SITE-02-G1   | -86.7    |
2025-12-28 21:35:55 - INFO - 2495   | SITE-02-G1   | -86.7    |
2025-12-28 21:35:55 - INFO - 2496   | SITE-02-G1   | -86.7    |
2025-12-28 21:35:55 - INFO - 2497   | SITE-02-G1   | -86.8    |
2025-12-28 21:35:55 - INFO - 2498   | SITE-02-G1   | -86.8    |
2025-12-28 21:35:55 - INFO - 2499   | SITE-02-G1   | -86.8    |
2025-12-28 21:35:55 - INFO - 2500   | SITE-02-G1   | -86.8    |
2025-12-28 21:35:55 - INFO - 2501   | SITE-02-G1   | -86.8    |
2025-12-28 21:35:55 - INFO - 2502   | SITE-02-G1   | -86.8    |
2025-12-28 21:35:55 - INFO - 2503   | SITE-02-G1   | -86.8    |
2025-12-28 21:35:55 - INFO - 2504   | SITE-02-G1   | -86.8    |
2025-12-28 21:35:55 - INFO - 2505   | SITE-02-G1   | -86.9    |
2025-12-28 21:35:55 - INFO - 2506   | SITE-02-G1   | -86.9    |
2025-12-28 21:35:55 - INFO - 2507   | SITE-02-G1   | -86.9    |
2025-12-28 21:35:55 - INFO - 2508   | SITE-02-G1   | -86.9    |
2025-12-28 21:35:55 - INFO - 2509   | SITE-02-G1   | -86.9    |
2025-12-28 21:35:55 - INFO - 2510   | SITE-02-G1   | -86.9    |
2025-12-28 21:35:55 - INFO - 2511   | SITE-02-G1   | -86.9    |
2025-12-28 21:35:55 - INFO - 2512   | SITE-02-G1   | -87.0    |
2025-12-28 21:35:55 - INFO - 2513   | SITE-02-G1   | -87.0    |
2025-12-28 21:35:55 - INFO - 2514   | SITE-02-G1   | -87.0    |
2025-12-28 21:35:55 - INFO - 2515   | SITE-02-G1   | -87.0    |
2025-12-28 21:35:55 - INFO - 2516   | SITE-02-G1   | -87.0    |
2025-12-28 21:35:55 - INFO - 2517   | SITE-02-G1   | -87.0    |
2025-12-28 21:35:55 - INFO - 2518   | SITE-02-G1   | -87.1    |
2025-12-28 21:35:55 - INFO - 2519   | SITE-02-G1   | -87.1    |
2025-12-28 21:35:55 - INFO - 2520   | SITE-02-G1   | -87.1    |
2025-12-28 21:35:55 - INFO - 2521   | SITE-02-G1   | -87.1    |
2025-12-28 21:35:55 - INFO - 2522   | SITE-02-G1   | -87.1    |
2025-12-28 21:35:55 - INFO - 2523   | SITE-02-G1   | -87.1    |
2025-12-28 21:35:55 - INFO - 2524   | SITE-02-G1   | -87.1    |
2025-12-28 21:35:55 - INFO - 2525   | SITE-02-G1   | -87.2    |
2025-12-28 21:35:55 - INFO - 2526   | SITE-02-G1   | -87.2    |
2025-12-28 21:35:55 - INFO - 2527   | SITE-02-G1   | -87.2    |
2025-12-28 21:35:55 - INFO - 2528   | SITE-02-G1   | -87.2    |
2025-12-28 21:35:55 - INFO - 2529   | SITE-02-G1   | -87.2    |
2025-12-28 21:35:55 - INFO - 2530   | SITE-02-G1   | -87.2    |
2025-12-28 21:35:55 - INFO - 2531   | SITE-02-G1   | -87.3    |
2025-12-28 21:35:55 - INFO - 2532   | SITE-02-G1   | -87.3    |
2025-12-28 21:35:55 - INFO - 2533   | SITE-02-G1   | -87.3    |
2025-12-28 21:35:55 - INFO - 2534   | SITE-02-G1   | -87.3    |
2025-12-28 21:35:55 - INFO - 2535   | SITE-01-N1   | -87.3    | RESELECTION
2025-12-28 21:35:55 - INFO - 2548   | SITE-02-G1   | -87.1    |
2025-12-28 21:35:55 - INFO - 2549   | SITE-02-G1   | -87.1    |
2025-12-28 21:35:55 - INFO - 2550   | SITE-02-G1   | -87.0    |
2025-12-28 21:35:55 - INFO - 2551   | SITE-02-G1   | -87.0    |
2025-12-28 21:35:55 - INFO - 2552   | SITE-02-G1   | -86.9    |
2025-12-28 21:35:55 - INFO - 2553   | SITE-02-G1   | -86.8    |
2025-12-28 21:35:55 - INFO - 2554   | SITE-02-G1   | -86.7    |
2025-12-28 21:35:55 - INFO - 2555   | SITE-02-G1   | -86.6    |
2025-12-28 21:35:55 - INFO - 2556   | SITE-02-G1   | -86.5    |
2025-12-28 21:35:55 - INFO - 2557   | SITE-02-G1   | -86.4    |
2025-12-28 21:35:55 - INFO - 2558   | SITE-02-G1   | -86.4    |
2025-12-28 21:35:55 - INFO - 2559   | SITE-02-G1   | -86.3    |
2025-12-28 21:35:55 - INFO - 2560   | SITE-02-G1   | -86.3    |
2025-12-28 21:35:55 - INFO - 2561   | SITE-02-G1   | -86.2    |
2025-12-28 21:35:55 - INFO - 2562   | SITE-02-G1   | -86.1    |
2025-12-28 21:35:55 - INFO - 2563   | SITE-02-G1   | -86.0    |
2025-12-28 21:35:55 - INFO - 2564   | SITE-02-G1   | -86.0    |
2025-12-28 21:35:55 - INFO - 2565   | SITE-02-G1   | -85.9    |
2025-12-28 21:35:55 - INFO - 2566   | SITE-02-G1   | -85.9    |
2025-12-28 21:35:55 - INFO - 2567   | SITE-02-G1   | -85.8    |
2025-12-28 21:35:55 - INFO - 2568   | SITE-02-G1   | -85.7    |
2025-12-28 21:35:55 - INFO - 2569   | SITE-02-G1   | -85.6    |
2025-12-28 21:35:55 - INFO - 2570   | SITE-02-G1   | -85.6    |
2025-12-28 21:35:55 - INFO - 2571   | SITE-02-G1   | -85.5    |
2025-12-28 21:35:55 - INFO - 2572   | SITE-02-G1   | -85.5    |
2025-12-28 21:35:55 - INFO - 2573   | SITE-02-G1   | -85.4    |
2025-12-28 21:35:55 - INFO - 2574   | SITE-02-G1   | -85.3    |
2025-12-28 21:35:55 - INFO - 2575   | SITE-02-G1   | -85.2    |
2025-12-28 21:35:55 - INFO - 2576   | SITE-02-G1   | -85.2    |
2025-12-28 21:35:55 - INFO - 2577   | SITE-02-G1   | -85.2    |
2025-12-28 21:35:55 - INFO - 2578   | SITE-02-G1   | -85.1    |
2025-12-28 21:35:55 - INFO - 2579   | SITE-02-G1   | -85.1    |
2025-12-28 21:35:55 - INFO - 2580   | SITE-02-G1   | -85.0    |
2025-12-28 21:35:55 - INFO - 2581   | SITE-02-G1   | -85.0    |
2025-12-28 21:35:55 - INFO - 2582   | SITE-02-G1   | -84.9    |
2025-12-28 21:35:55 - INFO - 2583   | SITE-02-G1   | -84.9    |
2025-12-28 21:35:55 - INFO - 2584   | SITE-02-G1   | -84.9    |
2025-12-28 21:35:55 - INFO - 2585   | SITE-02-G1   | -84.8    |
2025-12-28 21:35:55 - INFO - 2586   | SITE-02-G1   | -84.8    |
2025-12-28 21:35:55 - INFO - 2587   | SITE-02-G1   | -84.7    |
2025-12-28 21:35:55 - INFO - 2588   | SITE-02-G1   | -84.7    |
2025-12-28 21:35:55 - INFO - 2589   | SITE-02-G1   | -84.7    |
2025-12-28 21:35:55 - INFO - 2590   | SITE-02-G1   | -84.7    |
2025-12-28 21:35:55 - INFO - 2591   | SITE-02-G1   | -84.6    |
2025-12-28 21:35:55 - INFO - 2592   | SITE-02-G1   | -84.6    |
2025-12-28 21:35:55 - INFO - 2593   | SITE-02-G1   | -84.5    |
2025-12-28 21:35:55 - INFO - 2594   | SITE-02-G1   | -84.5    |
2025-12-28 21:35:55 - INFO - 2595   | SITE-02-G1   | -84.4    |
2025-12-28 21:35:55 - INFO - 2596   | SITE-02-G1   | -84.4    |
2025-12-28 21:35:55 - INFO - 2597   | SITE-02-G1   | -84.4    |
2025-12-28 21:35:55 - INFO - 2598   | SITE-02-G1   | -84.3    |
2025-12-28 21:35:55 - INFO - 2599   | SITE-02-G1   | -84.3    |
2025-12-28 21:35:55 - INFO - 2600   | SITE-02-G1   | -84.2    |
2025-12-28 21:35:55 - INFO - 2601   | SITE-02-G1   | -84.2    |
2025-12-28 21:35:55 - INFO - 2602   | SITE-02-G1   | -84.2    |
2025-12-28 21:35:55 - INFO - 2603   | SITE-02-G1   | -84.1    |
2025-12-28 21:35:55 - INFO - 2604   | SITE-02-G1   | -84.1    |
2025-12-28 21:35:55 - INFO - 2605   | SITE-02-G1   | -84.0    |
2025-12-28 21:35:55 - INFO - 2606   | SITE-02-G1   | -83.9    |
2025-12-28 21:35:55 - INFO - 2607   | SITE-02-G1   | -83.9    |
2025-12-28 21:35:55 - INFO - 2608   | SITE-02-G1   | -83.8    |
2025-12-28 21:35:55 - INFO - 2609   | SITE-02-G1   | -83.9    |
2025-12-28 21:35:55 - INFO - 2610   | SITE-02-G1   | -83.8    |
2025-12-28 21:35:55 - INFO - 2611   | SITE-02-G1   | -83.7    |
2025-12-28 21:35:55 - INFO - 2612   | SITE-02-G1   | -83.7    |
2025-12-28 21:35:55 - INFO - 2613   | SITE-02-G1   | -83.6    |
2025-12-28 21:35:55 - INFO - 2614   | SITE-02-G1   | -83.6    |
2025-12-28 21:35:55 - INFO - 2615   | SITE-02-G1   | -83.6    |
2025-12-28 21:35:55 - INFO - 2616   | SITE-02-G1   | -83.5    |
2025-12-28 21:35:55 - INFO - 2617   | SITE-02-G1   | -83.5    |
2025-12-28 21:35:55 - INFO - 2618   | SITE-02-G1   | -83.4    |
2025-12-28 21:35:55 - INFO - 2619   | SITE-02-G1   | -83.4    |
2025-12-28 21:35:55 - INFO - 2620   | SITE-02-G1   | -83.3    |
2025-12-28 21:35:55 - INFO - 2621   | SITE-02-G1   | -83.3    |
2025-12-28 21:35:55 - INFO - 2622   | SITE-02-G1   | -83.3    |
2025-12-28 21:35:55 - INFO - 2623   | SITE-02-G1   | -83.2    |
2025-12-28 21:35:55 - INFO - 2624   | SITE-02-G1   | -83.1    |
2025-12-28 21:35:55 - INFO - 2625   | SITE-02-G1   | -83.1    |
2025-12-28 21:35:55 - INFO - 2626   | SITE-02-G1   | -83.0    |
2025-12-28 21:35:55 - INFO - 2627   | SITE-02-G1   | -83.0    |
2025-12-28 21:35:55 - INFO - 2628   | SITE-02-G1   | -83.0    |
2025-12-28 21:35:55 - INFO - 2629   | SITE-02-G1   | -82.9    |
2025-12-28 21:35:55 - INFO - 2630   | SITE-02-G1   | -82.9    |
2025-12-28 21:35:55 - INFO - 2631   | SITE-02-G1   | -82.8    |
2025-12-28 21:35:55 - INFO - 2632   | SITE-02-G1   | -82.7    |
2025-12-28 21:35:55 - INFO - 2633   | SITE-02-G1   | -82.7    |
2025-12-28 21:35:55 - INFO - 2634   | SITE-02-G1   | -82.7    |
2025-12-28 21:35:55 - INFO - 2635   | SITE-02-G1   | -82.6    |
2025-12-28 21:35:55 - INFO - 2636   | SITE-02-G1   | -82.6    |
2025-12-28 21:35:55 - INFO - 2637   | SITE-02-G1   | -82.5    |
2025-12-28 21:35:55 - INFO - 2638   | SITE-02-G1   | -82.4    |
2025-12-28 21:35:55 - INFO - 2639   | SITE-02-G1   | -82.4    |
2025-12-28 21:35:55 - INFO - 2640   | SITE-02-G1   | -82.4    |
2025-12-28 21:35:55 - INFO - 2641   | SITE-02-G1   | -82.3    |
2025-12-28 21:35:55 - INFO - 2642   | SITE-02-G1   | -82.3    |
2025-12-28 21:35:55 - INFO - 2643   | SITE-02-G1   | -82.2    |
2025-12-28 21:35:55 - INFO - 2644   | SITE-02-G1   | -82.1    |
2025-12-28 21:35:55 - INFO - 2645   | SITE-02-G1   | -82.1    |
2025-12-28 21:35:55 - INFO - 2646   | SITE-02-G1   | -82.0    |
2025-12-28 21:35:55 - INFO - 2647   | SITE-02-G1   | -82.0    |
2025-12-28 21:35:55 - INFO - 2648   | SITE-02-G1   | -81.9    |
2025-12-28 21:35:55 - INFO - 2649   | SITE-02-G1   | -81.9    |
2025-12-28 21:35:55 - INFO - 2650   | SITE-02-G1   | -81.8    |
2025-12-28 21:35:55 - INFO - 2651   | SITE-02-G1   | -81.7    |
2025-12-28 21:35:55 - INFO - 2652   | SITE-02-G1   | -81.7    |
2025-12-28 21:35:55 - INFO - 2653   | SITE-02-G1   | -81.7    |
2025-12-28 21:35:55 - INFO - 2654   | SITE-02-G1   | -81.6    |
2025-12-28 21:35:55 - INFO - 2655   | SITE-02-G1   | -81.5    |
2025-12-28 21:35:55 - INFO - 2656   | SITE-02-G1   | -81.5    |
2025-12-28 21:35:55 - INFO - 2657   | SITE-02-G1   | -81.4    |
2025-12-28 21:35:55 - INFO - 2658   | SITE-02-G1   | -81.3    |
2025-12-28 21:35:55 - INFO - 2659   | SITE-02-G1   | -81.3    |
2025-12-28 21:35:55 - INFO - 2660   | SITE-02-G1   | -81.3    |
2025-12-28 21:35:55 - INFO - 2661   | SITE-02-G1   | -81.2    |
2025-12-28 21:35:55 - INFO - 2662   | SITE-02-G1   | -81.1    |
2025-12-28 21:35:55 - INFO - 2663   | SITE-02-G1   | -81.1    |
2025-12-28 21:35:55 - INFO - 2664   | SITE-02-G1   | -81.0    |
2025-12-28 21:35:55 - INFO - 2665   | SITE-02-G1   | -80.9    |
2025-12-28 21:35:55 - INFO - 2666   | SITE-02-G1   | -80.9    |
2025-12-28 21:35:55 - INFO - 2667   | SITE-02-G1   | -80.9    |
2025-12-28 21:35:55 - INFO - 2668   | SITE-02-G1   | -80.8    |
2025-12-28 21:35:55 - INFO - 2669   | SITE-02-G1   | -80.7    |
2025-12-28 21:35:55 - INFO - 2670   | SITE-02-G1   | -80.6    |
2025-12-28 21:35:55 - INFO - 2671   | SITE-02-G1   | -80.6    |
2025-12-28 21:35:55 - INFO - 2672   | SITE-02-G1   | -80.6    |
2025-12-28 21:35:55 - INFO - 2673   | SITE-02-G1   | -80.5    |
2025-12-28 21:35:55 - INFO - 2674   | SITE-02-G1   | -80.4    |
2025-12-28 21:35:55 - INFO - 2675   | SITE-02-G1   | -80.4    |
2025-12-28 21:35:55 - INFO - 2676   | SITE-02-G1   | -80.3    |
2025-12-28 21:35:55 - INFO - 2677   | SITE-02-G1   | -80.2    |
2025-12-28 21:35:55 - INFO - 2678   | SITE-02-G1   | -80.1    |
2025-12-28 21:35:55 - INFO - 2679   | SITE-02-G1   | -80.1    |
2025-12-28 21:35:55 - INFO - 2680   | SITE-02-G1   | -80.1    |
2025-12-28 21:35:55 - INFO - 2681   | SITE-02-G1   | -80.0    |
2025-12-28 21:35:55 - INFO - 2682   | SITE-02-G1   | -79.9    |
2025-12-28 21:35:55 - INFO - 2683   | SITE-02-G1   | -79.8    |
2025-12-28 21:35:55 - INFO - 2684   | SITE-02-G1   | -79.7    |
2025-12-28 21:35:55 - INFO - 2685   | SITE-02-G1   | -79.7    |
2025-12-28 21:35:55 - INFO - 2686   | SITE-02-G1   | -79.7    |
2025-12-28 21:35:55 - INFO - 2687   | SITE-02-G1   | -79.6    |
2025-12-28 21:35:55 - INFO - 2688   | SITE-02-G1   | -79.5    |
2025-12-28 21:35:55 - INFO - 2689   | SITE-02-G1   | -79.4    |
2025-12-28 21:35:55 - INFO - 2690   | SITE-02-G1   | -79.3    |
2025-12-28 21:35:55 - INFO - 2691   | SITE-02-G1   | -79.2    |
2025-12-28 21:35:55 - INFO - 2692   | SITE-02-G1   | -79.3    |
2025-12-28 21:35:55 - INFO - 2693   | SITE-02-G1   | -79.2    |
2025-12-28 21:35:55 - INFO - 2694   | SITE-02-G1   | -79.1    |
2025-12-28 21:35:55 - INFO - 2695   | SITE-02-G1   | -79.0    |
2025-12-28 21:35:55 - INFO - 2696   | SITE-02-G1   | -78.9    |
2025-12-28 21:35:55 - INFO - 2697   | SITE-02-G1   | -78.8    |
2025-12-28 21:35:55 - INFO - 2698   | SITE-02-G1   | -78.8    |
2025-12-28 21:35:55 - INFO - 2699   | SITE-02-G1   | -78.8    |
2025-12-28 21:35:55 - INFO - 2700   | SITE-02-G1   | -78.7    |
2025-12-28 21:35:55 - INFO - 2701   | SITE-02-G1   | -78.6    |
2025-12-28 21:35:55 - INFO - 2702   | SITE-02-G1   | -78.5    |
2025-12-28 21:35:55 - INFO - 2703   | SITE-02-G1   | -78.4    |
2025-12-28 21:35:55 - INFO - 2704   | SITE-02-G1   | -78.4    |
2025-12-28 21:35:55 - INFO - 2705   | SITE-02-G1   | -78.3    |
2025-12-28 21:35:55 - INFO - 2706   | SITE-02-G1   | -78.2    |
2025-12-28 21:35:55 - INFO - 2707   | SITE-02-G1   | -78.1    |
2025-12-28 21:35:55 - INFO - 2708   | SITE-02-G1   | -78.0    |
2025-12-28 21:35:55 - INFO - 2709   | SITE-02-G1   | -77.9    |
2025-12-28 21:35:55 - INFO - 2710   | SITE-02-G1   | -77.8    |
2025-12-28 21:35:55 - INFO - 2711   | SITE-02-G1   | -77.8    |
2025-12-28 21:35:55 - INFO - 2712   | SITE-02-G1   | -77.7    |
2025-12-28 21:35:55 - INFO - 2713   | SITE-02-G1   | -77.7    |
2025-12-28 21:35:55 - INFO - 2714   | SITE-02-G1   | -77.6    |
2025-12-28 21:35:55 - INFO - 2715   | SITE-02-G1   | -77.5    |
2025-12-28 21:35:55 - INFO - 2716   | SITE-02-G1   | -77.4    |
2025-12-28 21:35:55 - INFO - 2717   | SITE-02-G1   | -77.4    |
2025-12-28 21:35:55 - INFO - 2718   | SITE-02-G1   | -77.3    |
2025-12-28 21:35:55 - INFO - 2719   | SITE-02-G1   | -77.2    |
2025-12-28 21:35:55 - INFO - 2720   | SITE-02-G1   | -77.1    |
2025-12-28 21:35:55 - INFO - 2721   | SITE-02-G1   | -77.0    |
2025-12-28 21:35:55 - INFO - 2722   | SITE-02-G1   | -76.9    |
2025-12-28 21:35:55 - INFO - 2723   | SITE-02-G1   | -76.9    |
2025-12-28 21:35:55 - INFO - 2724   | SITE-02-G1   | -76.7    |
2025-12-28 21:35:55 - INFO - 2725   | SITE-02-G1   | -76.6    |
2025-12-28 21:35:55 - INFO - 2726   | SITE-02-G1   | -76.5    |
2025-12-28 21:35:55 - INFO - 2727   | SITE-02-G1   | -76.4    |
2025-12-28 21:35:55 - INFO - 2728   | SITE-02-G1   | -76.3    |
2025-12-28 21:35:55 - INFO - 2729   | SITE-02-G1   | -76.2    |
2025-12-28 21:35:55 - INFO - 2730   | SITE-02-G1   | -76.2    |
2025-12-28 21:35:55 - INFO - 2731   | SITE-02-G1   | -76.1    |
2025-12-28 21:35:55 - INFO - 2732   | SITE-02-G1   | -76.0    |
2025-12-28 21:35:55 - INFO - 2733   | SITE-02-G1   | -75.9    |
2025-12-28 21:35:55 - INFO - 2734   | SITE-02-G1   | -75.8    |
2025-12-28 21:35:55 - INFO - 2735   | SITE-02-G1   | -75.7    |
2025-12-28 21:35:55 - INFO - 2736   | SITE-02-G1   | -75.7    |
2025-12-28 21:35:55 - INFO - 2737   | SITE-02-G1   | -75.5    |
2025-12-28 21:35:55 - INFO - 2738   | SITE-02-G1   | -75.4    |
2025-12-28 21:35:55 - INFO - 2739   | SITE-02-G1   | -75.3    |
2025-12-28 21:35:55 - INFO - 2740   | SITE-02-G1   | -75.2    |
2025-12-28 21:35:55 - INFO - 2741   | SITE-02-G1   | -75.1    |
2025-12-28 21:35:55 - INFO - 2742   | SITE-02-G1   | -74.9    |
2025-12-28 21:35:55 - INFO - 2743   | SITE-02-G1   | -74.9    |
2025-12-28 21:35:55 - INFO - 2744   | SITE-02-G1   | -74.8    |
2025-12-28 21:35:55 - INFO - 2745   | SITE-02-G1   | -74.7    |
2025-12-28 21:35:55 - INFO - 2746   | SITE-02-G1   | -74.6    |
2025-12-28 21:35:55 - INFO - 2747   | SITE-02-G1   | -74.4    |
2025-12-28 21:35:55 - INFO - 2748   | SITE-02-G1   | -74.3    |
2025-12-28 21:35:55 - INFO - 2749   | SITE-02-G1   | -74.3    |
2025-12-28 21:35:55 - INFO - 2750   | SITE-02-G1   | -74.2    |
2025-12-28 21:35:55 - INFO - 2751   | SITE-02-G1   | -74.0    |
2025-12-28 21:35:55 - INFO - 2752   | SITE-02-G1   | -73.9    |
2025-12-28 21:35:55 - INFO - 2753   | SITE-02-G1   | -73.8    |
2025-12-28 21:35:55 - INFO - 2754   | SITE-02-G1   | -73.6    |
2025-12-28 21:35:55 - INFO - 2755   | SITE-02-G1   | -73.6    |
2025-12-28 21:35:55 - INFO - 2756   | SITE-02-G1   | -73.5    |
2025-12-28 21:35:55 - INFO - 2757   | SITE-02-G1   | -73.4    |
2025-12-28 21:35:55 - INFO - 2758   | SITE-02-G1   | -73.2    |
2025-12-28 21:35:55 - INFO - 2759   | SITE-02-G1   | -73.1    |
2025-12-28 21:35:55 - INFO - 2760   | SITE-02-G1   | -72.9    |
2025-12-28 21:35:55 - INFO - 2761   | SITE-02-G1   | -72.8    |
2025-12-28 21:35:55 - INFO - 2762   | SITE-02-G1   | -72.8    |
2025-12-28 21:35:55 - INFO - 2763   | SITE-02-G1   | -72.6    |
2025-12-28 21:35:55 - INFO - 2764   | SITE-02-G1   | -72.5    |
2025-12-28 21:35:55 - INFO - 2765   | SITE-02-G1   | -72.3    |
2025-12-28 21:35:55 - INFO - 2766   | SITE-02-G1   | -72.2    |
2025-12-28 21:35:55 - INFO - 2767   | SITE-02-G1   | -72.0    |
2025-12-28 21:35:55 - INFO - 2768   | SITE-02-G1   | -72.0    |
2025-12-28 21:35:55 - INFO - 2769   | SITE-02-G1   | -71.9    |
2025-12-28 21:35:55 - INFO - 2770   | SITE-02-G1   | -71.7    |
2025-12-28 21:35:55 - INFO - 2771   | SITE-02-G1   | -71.5    |
2025-12-28 21:35:55 - INFO - 2772   | SITE-02-G1   | -71.4    |
2025-12-28 21:35:55 - INFO - 2773   | SITE-02-G1   | -71.2    |
2025-12-28 21:35:55 - INFO - 2774   | SITE-02-G1   | -71.2    |
2025-12-28 21:35:55 - INFO - 2775   | SITE-02-G1   | -71.0    |
2025-12-28 21:35:55 - INFO - 2776   | SITE-02-G1   | -70.9    |
2025-12-28 21:35:55 - INFO - 2777   | SITE-02-G1   | -70.7    |
2025-12-28 21:35:55 - INFO - 2778   | SITE-02-G1   | -70.5    |
2025-12-28 21:35:55 - INFO - 2779   | SITE-02-G1   | -70.4    |
2025-12-28 21:35:55 - INFO - 2780   | SITE-02-G1   | -70.2    |
2025-12-28 21:35:55 - INFO - 2781   | SITE-02-G1   | -70.2    |
2025-12-28 21:35:55 - INFO - 2782   | SITE-02-G1   | -70.0    |
2025-12-28 21:35:55 - INFO - 2783   | SITE-02-G1   | -69.8    |
2025-12-28 21:35:55 - INFO - 2784   | SITE-02-G1   | -69.6    |
2025-12-28 21:35:55 - INFO - 2785   | SITE-02-G1   | -69.4    |
2025-12-28 21:35:55 - INFO - 2786   | SITE-02-G1   | -69.2    |
2025-12-28 21:35:55 - INFO - 2787   | SITE-02-G1   | -69.2    |
2025-12-28 21:35:55 - INFO - 2788   | SITE-02-G1   | -69.0    |
2025-12-28 21:35:55 - INFO - 2789   | SITE-02-G1   | -68.8    |
2025-12-28 21:35:55 - INFO - 2790   | SITE-02-G1   | -68.6    |
2025-12-28 21:35:55 - INFO - 2791   | SITE-02-G1   | -68.4    |
2025-12-28 21:35:55 - INFO - 2792   | SITE-02-G1   | -68.2    |
2025-12-28 21:35:55 - INFO - 2793   | SITE-02-G1   | -68.0    |
2025-12-28 21:35:55 - INFO - 2794   | SITE-02-G1   | -68.0    |
2025-12-28 21:35:55 - INFO - 2795   | SITE-02-G1   | -67.8    |
2025-12-28 21:35:55 - INFO - 2796   | SITE-02-G1   | -67.6    |
2025-12-28 21:35:55 - INFO - 2797   | SITE-02-G1   | -67.3    |
2025-12-28 21:35:55 - INFO - 2798   | SITE-02-G1   | -67.1    |
2025-12-28 21:35:55 - INFO - 2799   | SITE-02-G1   | -66.9    |
2025-12-28 21:35:55 - INFO - 2800   | SITE-02-G1   | -66.9    |
2025-12-28 21:35:55 - INFO - 2801   | SITE-02-G1   | -66.6    |
2025-12-28 21:35:55 - INFO - 2802   | SITE-02-G1   | -66.4    |
2025-12-28 21:35:55 - INFO - 2803   | SITE-02-G1   | -66.2    |
2025-12-28 21:35:55 - INFO - 2804   | SITE-02-G1   | -66.0    |
2025-12-28 21:35:55 - INFO - 2805   | SITE-02-G1   | -65.7    |
2025-12-28 21:35:55 - INFO - 2806   | SITE-02-G1   | -65.7    |
2025-12-28 21:35:55 - INFO - 2807   | SITE-02-G1   | -65.4    |
2025-12-28 21:35:55 - INFO - 2808   | SITE-02-G1   | -65.1    |
2025-12-28 21:35:55 - INFO - 2809   | SITE-02-G1   | -64.9    |
2025-12-28 21:35:55 - INFO - 2810   | SITE-02-G1   | -64.6    |
2025-12-28 21:35:55 - INFO - 2811   | SITE-02-G1   | -64.4    |
2025-12-28 21:35:55 - INFO - 2812   | SITE-02-G1   | -64.1    |
2025-12-28 21:35:55 - INFO - 2813   | SITE-02-G1   | -64.1    |
2025-12-28 21:35:55 - INFO - 2814   | SITE-02-G1   | -63.8    |
2025-12-28 21:35:55 - INFO - 2815   | SITE-02-G1   | -63.5    |
2025-12-28 21:35:55 - INFO - 2816   | SITE-02-G1   | -63.2    |
2025-12-28 21:35:55 - INFO - 2817   | SITE-02-G1   | -63.0    |
2025-12-28 21:35:55 - INFO - 2818   | SITE-02-G1   | -62.7    |
2025-12-28 21:35:55 - INFO - 2819   | SITE-02-G1   | -62.6    |
2025-12-28 21:35:55 - INFO - 2820   | SITE-02-G1   | -62.3    |
2025-12-28 21:35:55 - INFO - 2821   | SITE-02-G1   | -62.0    |
2025-12-28 21:35:55 - INFO - 2822   | SITE-02-G1   | -61.7    |
2025-12-28 21:35:55 - INFO - 2823   | SITE-02-G1   | -61.4    |
2025-12-28 21:35:55 - INFO - 2824   | SITE-02-G1   | -61.1    |
2025-12-28 21:35:55 - INFO - 2825   | SITE-02-G1   | -60.7    |
2025-12-28 21:35:55 - INFO - 2826   | SITE-02-G1   | -60.7    |
2025-12-28 21:35:55 - INFO - 2827   | SITE-02-G1   | -60.3    |
2025-12-28 21:35:55 - INFO - 2828   | SITE-02-G1   | -60.0    |
2025-12-28 21:35:55 - INFO - 2829   | SITE-02-G1   | -59.6    |
2025-12-28 21:35:55 - INFO - 2830   | SITE-02-G1   | -59.3    |
2025-12-28 21:35:55 - INFO - 2831   | SITE-02-G1   | -59.0    |
2025-12-28 21:35:55 - INFO - 2832   | SITE-02-G1   | -58.9    |
2025-12-28 21:35:55 - INFO - 2833   | SITE-02-G1   | -58.5    |
2025-12-28 21:35:55 - INFO - 2834   | SITE-02-G1   | -58.2    |
2025-12-28 21:35:55 - INFO - 2835   | SITE-02-G1   | -57.7    |
2025-12-28 21:35:55 - INFO - 2836   | SITE-02-G1   | -57.4    |
2025-12-28 21:35:55 - INFO - 2837   | SITE-02-G1   | -57.0    |
2025-12-28 21:35:55 - INFO - 2838   | SITE-02-G1   | -56.9    |
2025-12-28 21:35:55 - INFO - 2839   | SITE-02-G1   | -56.5    |
2025-12-28 21:35:55 - INFO - 2840   | SITE-01-N1   | -56.0    | RESELECTION
2025-12-28 21:35:55 - INFO - 2854   | SITE-01-G1   | -50.4    |
2025-12-28 21:35:55 - INFO - 2855   | SITE-01-G1   | -49.8    |
2025-12-28 21:35:55 - INFO - 2856   | SITE-01-G1   | -49.4    |
2025-12-28 21:35:55 - INFO - 2857   | SITE-01-G1   | -49.1    |
2025-12-28 21:35:55 - INFO - 2858   | SITE-01-G1   | -48.7    |
2025-12-28 21:35:55 - INFO - 2859   | SITE-01-G1   | -48.1    |
2025-12-28 21:35:55 - INFO - 2860   | SITE-01-G1   | -47.7    |
2025-12-28 21:35:55 - INFO - 2861   | SITE-01-G1   | -47.2    |
2025-12-28 21:35:55 - INFO - 2862   | SITE-01-G1   | -46.8    |
2025-12-28 21:35:55 - INFO - 2863   | SITE-01-G1   | -46.2    |
2025-12-28 21:35:55 - INFO - 2864   | SITE-01-G1   | -46.0    |
2025-12-28 21:35:55 - INFO - 2865   | SITE-01-G1   | -45.4    |
2025-12-28 21:35:55 - INFO - 2866   | SITE-01-G1   | -45.1    |
2025-12-28 21:35:55 - INFO - 2867   | SITE-01-G1   | -44.5    |
2025-12-28 21:35:55 - INFO - 2868   | SITE-01-G1   | -44.2    |
2025-12-28 21:35:55 - INFO - 2869   | SITE-01-G1   | -43.6    |
2025-12-28 21:35:55 - INFO - 2870   | SITE-01-G1   | -43.4    |
2025-12-28 21:35:55 - INFO - 2871   | SITE-01-G1   | -42.9    |
2025-12-28 21:35:55 - INFO - 2872   | SITE-01-G1   | -42.4    |
2025-12-28 21:35:55 - INFO - 2873   | SITE-01-G1   | -42.1    |
2025-12-28 21:35:55 - INFO - 2874   | SITE-01-G1   | -41.6    |
2025-12-28 21:35:55 - INFO - 2875   | SITE-01-G1   | -41.4    |
2025-12-28 21:35:55 - INFO - 2876   | SITE-01-G1   | -40.9    |
2025-12-28 21:35:55 - INFO - 2877   | SITE-01-G1   | -40.7    |
2025-12-28 21:35:55 - INFO - 2878   | SITE-01-G1   | -40.3    |
2025-12-28 21:35:55 - INFO - 2879   | SITE-01-G1   | -40.1    |
2025-12-28 21:35:55 - INFO - 2880   | SITE-01-G1   | -39.8    |
2025-12-28 21:35:55 - INFO - 2881   | SITE-01-G1   | -39.6    |
2025-12-28 21:35:55 - INFO - 2882   | SITE-01-G1   | -39.4    |
2025-12-28 21:35:55 - INFO - 2883   | SITE-01-G1   | -39.2    |
2025-12-28 21:35:55 - INFO - 2884   | SITE-01-G1   | -39.0    |
2025-12-28 21:35:55 - INFO - 2885   | SITE-01-G1   | -38.9    |
2025-12-28 21:35:55 - INFO - 2886   | SITE-01-G1   | -38.8    |
2025-12-28 21:35:55 - INFO - 2887   | SITE-01-G1   | -38.6    |
2025-12-28 21:35:55 - INFO - 2888   | SITE-01-G1   | -38.7    |
2025-12-28 21:35:55 - INFO - 2889   | SITE-01-G1   | -38.5    |
2025-12-28 21:35:55 - INFO - 2890   | SITE-01-G1   | -38.5    |
2025-12-28 21:35:55 - INFO - 2891   | SITE-01-G1   | -38.5    |
2025-12-28 21:35:55 - INFO - 2892   | SITE-01-G1   | -38.6    |
2025-12-28 21:35:55 - INFO - 2893   | SITE-01-G1   | -38.7    |
2025-12-28 21:35:55 - INFO - 2894   | SITE-01-G1   | -38.8    |
2025-12-28 21:35:55 - INFO - 2895   | SITE-01-G1   | -38.9    |
2025-12-28 21:35:55 - INFO - 2896   | SITE-01-G1   | -38.9    |
2025-12-28 21:35:55 - INFO - 2897   | SITE-01-G1   | -39.1    |
2025-12-28 21:35:55 - INFO - 2898   | SITE-01-G1   | -39.3    |
2025-12-28 21:35:55 - INFO - 2899   | SITE-01-G1   | -39.5    |
2025-12-28 21:35:55 - INFO - 2900   | SITE-01-G1   | -39.7    |
2025-12-28 21:35:55 - INFO - 2901   | SITE-01-G1   | -39.9    |
2025-12-28 21:35:55 - INFO - 2902   | SITE-01-G1   | -40.0    |
2025-12-28 21:35:55 - INFO - 2903   | SITE-01-G1   | -40.3    |
2025-12-28 21:35:55 - INFO - 2904   | SITE-01-G1   | -40.6    |
2025-12-28 21:35:55 - INFO - 2905   | SITE-01-G1   | -40.8    |
2025-12-28 21:35:55 - INFO - 2906   | SITE-01-G1   | -41.1    |
2025-12-28 21:35:55 - INFO - 2907   | SITE-01-G1   | -41.4    |
2025-12-28 21:35:55 - INFO - 2908   | SITE-01-G1   | -41.6    |
2025-12-28 21:35:55 - INFO - 2909   | SITE-01-G1   | -41.8    |
2025-12-28 21:35:55 - INFO - 2910   | SITE-01-G1   | -42.2    |
2025-12-28 21:35:55 - INFO - 2911   | SITE-01-G1   | -42.4    |
2025-12-28 21:35:55 - INFO - 2912   | SITE-01-G1   | -42.8    |
2025-12-28 21:35:55 - INFO - 2913   | SITE-01-G1   | -43.0    |
2025-12-28 21:35:55 - INFO - 2914   | SITE-01-G1   | -43.4    |
2025-12-28 21:35:55 - INFO - 2915   | SITE-01-G1   | -43.5    |
2025-12-28 21:35:55 - INFO - 2916   | SITE-01-G1   | -43.9    |
2025-12-28 21:35:55 - INFO - 2917   | SITE-01-G1   | -44.1    |
2025-12-28 21:35:55 - INFO - 2918   | SITE-01-G1   | -44.5    |
2025-12-28 21:35:55 - INFO - 2919   | SITE-01-G1   | -44.9    |
2025-12-28 21:35:55 - INFO - 2920   | SITE-01-G1   | -45.1    |
2025-12-28 21:35:55 - INFO - 2921   | SITE-01-G1   | -45.4    |
2025-12-28 21:35:55 - INFO - 2922   | SITE-01-G1   | -45.6    |
2025-12-28 21:35:55 - INFO - 2923   | SITE-01-G1   | -46.0    |
2025-12-28 21:35:55 - INFO - 2924   | SITE-01-G1   | -46.2    |
2025-12-28 21:35:55 - INFO - 2925   | SITE-01-G1   | -46.5    |
2025-12-28 21:35:55 - INFO - 2926   | SITE-01-G1   | -46.7    |
2025-12-28 21:35:55 - INFO - 2927   | SITE-01-G1   | -47.1    |
2025-12-28 21:35:55 - INFO - 2928   | SITE-01-G1   | -47.2    |
2025-12-28 21:35:55 - INFO - 2929   | SITE-01-G1   | -47.6    |
2025-12-28 21:35:55 - INFO - 2930   | SITE-01-G1   | -47.8    |
2025-12-28 21:35:55 - INFO - 2931   | SITE-01-G1   | -48.1    |
2025-12-28 21:35:55 - INFO - 2932   | SITE-01-G1   | -48.3    |
2025-12-28 21:35:55 - INFO - 2933   | SITE-01-G1   | -48.6    |
2025-12-28 21:35:55 - INFO - 2934   | SITE-01-G1   | -48.8    |
2025-12-28 21:35:55 - INFO - 2935   | SITE-01-G1   | -49.1    |
2025-12-28 21:35:55 - INFO - 2936   | SITE-01-G1   | -49.4    |
2025-12-28 21:35:55 - INFO - 2937   | SITE-01-G1   | -49.6    |
2025-12-28 21:35:55 - INFO - 2938   | SITE-01-G1   | -49.9    |
2025-12-28 21:35:55 - INFO - 2939   | SITE-01-G1   | -50.1    |
2025-12-28 21:35:55 - INFO - 2940   | SITE-01-G1   | -50.4    |
2025-12-28 21:35:55 - INFO - 2941   | SITE-01-G1   | -50.5    |
2025-12-28 21:35:55 - INFO - 2942   | SITE-01-G1   | -50.8    |
2025-12-28 21:35:55 - INFO - 2943   | SITE-01-G1   | -51.0    |
2025-12-28 21:35:55 - INFO - 2944   | SITE-01-G1   | -51.3    |
2025-12-28 21:35:55 - INFO - 2945   | SITE-01-G1   | -51.4    |
2025-12-28 21:35:55 - INFO - 2946   | SITE-01-G1   | -51.7    |
2025-12-28 21:35:55 - INFO - 2947   | SITE-01-G1   | -51.8    |
2025-12-28 21:35:55 - INFO - 2948   | SITE-01-G1   | -52.1    |
2025-12-28 21:35:55 - INFO - 2949   | SITE-01-G1   | -52.2    |
2025-12-28 21:35:55 - INFO - 2950   | SITE-01-G1   | -52.5    |
2025-12-28 21:35:55 - INFO - 2951   | SITE-01-G1   | -52.8    |
2025-12-28 21:35:55 - INFO - 2952   | SITE-01-G1   | -52.9    |
2025-12-28 21:35:55 - INFO - 2953   | SITE-01-G1   | -53.2    |
2025-12-28 21:35:55 - INFO - 2954   | SITE-01-G1   | -53.3    |
2025-12-28 21:35:55 - INFO - 2955   | SITE-01-G1   | -53.5    |
2025-12-28 21:35:55 - INFO - 2956   | SITE-01-G1   | -53.7    |
2025-12-28 21:35:55 - INFO - 2957   | SITE-01-G1   | -53.9    |
2025-12-28 21:35:55 - INFO - 2958   | SITE-01-G1   | -54.0    |
2025-12-28 21:35:55 - INFO - 2959   | SITE-01-G1   | -54.3    |
2025-12-28 21:35:55 - INFO - 2960   | SITE-01-G1   | -54.4    |
2025-12-28 21:35:55 - INFO - 2961   | SITE-01-G1   | -54.6    |
2025-12-28 21:35:55 - INFO - 2962   | SITE-01-G1   | -54.7    |
2025-12-28 21:35:55 - INFO - 2963   | SITE-01-G1   | -55.0    |
2025-12-28 21:35:55 - INFO - 2964   | SITE-01-G1   | -55.1    |
2025-12-28 21:35:55 - INFO - 2965   | SITE-01-G1   | -55.3    |
2025-12-28 21:35:55 - INFO - 2966   | SITE-01-G1   | -55.5    |
2025-12-28 21:35:55 - INFO - 2967   | SITE-01-G1   | -55.6    |
2025-12-28 21:35:55 - INFO - 2968   | SITE-01-G1   | -55.8    |
2025-12-28 21:35:55 - INFO - 2969   | SITE-01-G1   | -55.9    |
2025-12-28 21:35:55 - INFO - 2970   | SITE-01-G1   | -56.2    |
2025-12-28 21:35:55 - INFO - 2971   | SITE-01-G1   | -56.2    |
2025-12-28 21:35:55 - INFO - 2972   | SITE-01-G1   | -56.5    |
2025-12-28 21:35:55 - INFO - 2973   | SITE-01-G1   | -56.6    |
2025-12-28 21:35:55 - INFO - 2974   | SITE-01-G1   | -56.8    |
2025-12-28 21:35:55 - INFO - 2975   | SITE-01-G1   | -56.9    |
2025-12-28 21:35:55 - INFO - 2976   | SITE-01-G1   | -57.0    |
2025-12-28 21:35:55 - INFO - 2977   | SITE-01-G1   | -57.1    |
2025-12-28 21:35:55 - INFO - 2978   | SITE-01-G1   | -57.3    |
2025-12-28 21:35:55 - INFO - 2979   | SITE-01-G1   | -57.4    |
2025-12-28 21:35:55 - INFO - 2980   | SITE-01-G1   | -57.6    |
2025-12-28 21:35:55 - INFO - 2981   | SITE-01-G1   | -57.7    |
2025-12-28 21:35:55 - INFO - 2982   | SITE-01-G1   | -57.9    |
2025-12-28 21:35:55 - INFO - 2983   | SITE-01-G1   | -58.1    |
2025-12-28 21:35:55 - INFO - 2984   | SITE-01-G1   | -58.1    |
2025-12-28 21:35:55 - INFO - 2985   | SITE-01-G1   | -58.4    |
2025-12-28 21:35:55 - INFO - 2986   | SITE-01-N1   | -58.4    | RESELECTION
2025-12-28 21:35:55 - INFO - 2987   | SITE-01-G1   | -58.6    |
2025-12-28 21:35:55 - INFO - 2988   | SITE-01-G1   | -58.7    |
2025-12-28 21:35:55 - INFO - 2989   | SITE-01-G1   | -58.8    |
2025-12-28 21:35:55 - INFO - 2990   | SITE-01-G1   | -58.9    |
2025-12-28 21:35:55 - INFO - 2991   | SITE-01-G1   | -59.1    |
2025-12-28 21:35:55 - INFO - 2992   | SITE-01-G1   | -59.2    |
2025-12-28 21:35:55 - INFO - 2993   | SITE-01-G1   | -59.3    |
2025-12-28 21:35:55 - INFO - 2994   | SITE-01-G1   | -59.4    |
2025-12-28 21:35:55 - INFO - 2995   | SITE-01-G1   | -59.6    |
2025-12-28 21:35:55 - INFO - 2996   | SITE-01-G1   | -59.6    |
2025-12-28 21:35:55 - INFO - 2997   | SITE-01-G1   | -59.8    |
2025-12-28 21:35:55 - INFO - 2998   | SITE-01-G1   | -60.0    |
2025-12-28 21:35:55 - INFO - 2999   | SITE-01-G1   | -60.0    |
2025-12-28 21:35:55 - INFO - 3000   | SITE-01-G1   | -60.2    |
2025-12-28 21:35:55 - INFO - 3001   | SITE-01-G1   | -60.2    |
2025-12-28 21:35:55 - INFO - 3002   | SITE-01-G1   | -60.4    |
2025-12-28 21:35:55 - INFO - 3003   | SITE-01-G1   | -60.5    |
2025-12-28 21:35:55 - INFO - 3004   | SITE-01-G1   | -60.6    |
2025-12-28 21:35:55 - INFO - 3005   | SITE-01-G1   | -60.7    |
2025-12-28 21:35:55 - INFO - 3006   | SITE-01-G1   | -60.8    |
2025-12-28 21:35:55 - INFO - 3007   | SITE-01-G1   | -60.9    |
2025-12-28 21:35:55 - INFO - 3008   | SITE-01-G1   | -61.0    |
2025-12-28 21:35:55 - INFO - 3009   | SITE-01-G1   | -61.1    |
2025-12-28 21:35:55 - INFO - 3010   | SITE-01-G1   | -61.2    |
2025-12-28 21:35:55 - INFO - 3011   | SITE-01-G1   | -61.3    |
2025-12-28 21:35:55 - INFO - 3012   | SITE-01-G1   | -61.4    |
2025-12-28 21:35:55 - INFO - 3013   | SITE-01-G1   | -61.5    |
2025-12-28 21:35:55 - INFO - 3014   | SITE-01-G1   | -61.6    |
2025-12-28 21:35:55 - INFO - 3015   | SITE-01-G1   | -61.8    |
2025-12-28 21:35:55 - INFO - 3016   | SITE-01-G1   | -61.8    |
2025-12-28 21:35:55 - INFO - 3017   | SITE-01-G1   | -62.0    |
2025-12-28 21:35:55 - INFO - 3018   | SITE-01-G1   | -62.0    |
2025-12-28 21:35:55 - INFO - 3019   | SITE-01-G1   | -62.2    |
2025-12-28 21:35:55 - INFO - 3020   | SITE-01-G1   | -62.2    |
2025-12-28 21:35:55 - INFO - 3021   | SITE-01-G1   | -62.3    |
2025-12-28 21:35:55 - INFO - 3022   | SITE-01-G1   | -62.4    |
2025-12-28 21:35:55 - INFO - 3023   | SITE-01-G1   | -62.5    |
2025-12-28 21:35:55 - INFO - 3024   | SITE-01-G1   | -62.6    |
2025-12-28 21:35:55 - INFO - 3025   | SITE-01-G1   | -62.7    |
2025-12-28 21:35:55 - INFO - 3026   | SITE-01-G1   | -62.7    |
2025-12-28 21:35:55 - INFO - 3027   | SITE-01-G1   | -62.9    |
2025-12-28 21:35:55 - INFO - 3028   | SITE-01-G1   | -62.9    |
2025-12-28 21:35:55 - INFO - 3029   | SITE-01-G1   | -63.0    |
2025-12-28 21:35:55 - INFO - 3030   | SITE-01-G1   | -63.2    |
2025-12-28 21:35:55 - INFO - 3031   | SITE-01-G1   | -63.2    |
2025-12-28 21:35:55 - INFO - 3032   | SITE-01-G1   | -63.3    |
2025-12-28 21:35:55 - INFO - 3033   | SITE-01-G1   | -63.4    |
2025-12-28 21:35:55 - INFO - 3034   | SITE-01-G1   | -63.5    |
2025-12-28 21:35:55 - INFO - 3035   | SITE-01-G1   | -63.5    |
2025-12-28 21:35:55 - INFO - 3036   | SITE-01-G1   | -63.7    |
2025-12-28 21:35:55 - INFO - 3037   | SITE-01-G1   | -63.7    |
2025-12-28 21:35:55 - INFO - 3038   | SITE-01-G1   | -63.8    |
2025-12-28 21:35:55 - INFO - 3039   | SITE-01-G1   | -63.9    |
2025-12-28 21:35:55 - INFO - 3040   | SITE-01-G1   | -64.0    |
2025-12-28 21:35:55 - INFO - 3041   | SITE-01-G1   | -64.0    |
2025-12-28 21:35:55 - INFO - 3042   | SITE-01-G1   | -64.2    |
2025-12-28 21:35:55 - INFO - 3043   | SITE-01-G1   | -64.2    |
2025-12-28 21:35:55 - INFO - 3044   | SITE-01-G1   | -64.3    |
2025-12-28 21:35:55 - INFO - 3045   | SITE-01-G1   | -64.3    |
2025-12-28 21:35:55 - INFO - 3046   | SITE-01-G1   | -64.4    |
2025-12-28 21:35:55 - INFO - 3047   | SITE-01-G1   | -64.5    |
2025-12-28 21:35:55 - INFO - 3048   | SITE-01-G1   | -64.6    |
2025-12-28 21:35:55 - INFO - 3049   | SITE-01-G1   | -64.7    |
2025-12-28 21:35:55 - INFO - 3050   | SITE-01-G1   | -64.7    |
2025-12-28 21:35:55 - INFO - 3051   | SITE-01-G1   | -64.8    |
2025-12-28 21:35:55 - INFO - 3052   | SITE-01-G1   | -64.9    |
2025-12-28 21:35:55 - INFO - 3053   | SITE-01-G1   | -65.0    |
2025-12-28 21:35:55 - INFO - 3054   | SITE-01-G1   | -65.0    |
2025-12-28 21:35:55 - INFO - 3055   | SITE-01-G1   | -65.1    |
2025-12-28 21:35:55 - INFO - 3056   | SITE-01-G1   | -65.2    |
2025-12-28 21:35:55 - INFO - 3057   | SITE-01-G1   | -65.3    |
2025-12-28 21:35:55 - INFO - 3058   | SITE-01-G1   | -65.3    |
2025-12-28 21:35:55 - INFO - 3059   | SITE-01-G1   | -65.4    |
2025-12-28 21:35:55 - INFO - 3060   | SITE-01-G1   | -65.4    |
2025-12-28 21:35:55 - INFO - 3061   | SITE-01-G1   | -65.5    |
2025-12-28 21:35:55 - INFO - 3062   | SITE-01-G1   | -65.6    |
2025-12-28 21:35:55 - INFO - 3063   | SITE-01-G1   | -65.7    |
2025-12-28 21:35:55 - INFO - 3064   | SITE-01-G1   | -65.8    |
2025-12-28 21:35:55 - INFO - 3065   | SITE-01-G1   | -65.8    |
2025-12-28 21:35:55 - INFO - 3066   | SITE-01-G1   | -65.9    |
2025-12-28 21:35:55 - INFO - 3067   | SITE-01-G1   | -65.9    |
2025-12-28 21:35:55 - INFO - 3068   | SITE-01-G1   | -66.0    |
2025-12-28 21:35:55 - INFO - 3069   | SITE-01-G1   | -66.1    |
2025-12-28 21:35:55 - INFO - 3070   | SITE-01-G1   | -66.2    |
2025-12-28 21:35:55 - INFO - 3071   | SITE-01-G1   | -66.2    |
2025-12-28 21:35:55 - INFO - 3072   | SITE-01-G1   | -66.3    |
2025-12-28 21:35:55 - INFO - 3073   | SITE-01-G1   | -66.3    |
2025-12-28 21:35:55 - INFO - 3074   | SITE-01-G1   | -66.4    |
2025-12-28 21:35:55 - INFO - 3075   | SITE-01-G1   | -66.4    |
2025-12-28 21:35:55 - INFO - 3076   | SITE-01-G1   | -66.5    |
2025-12-28 21:35:55 - INFO - 3077   | SITE-01-G1   | -66.6    |
2025-12-28 21:35:55 - INFO - 3078   | SITE-01-G1   | -66.6    |
2025-12-28 21:35:55 - INFO - 3079   | SITE-01-G1   | -66.7    |
2025-12-28 21:35:55 - INFO - 3080   | SITE-01-G1   | -66.7    |
2025-12-28 21:35:55 - INFO - 3081   | SITE-01-G1   | -66.9    |
2025-12-28 21:35:55 - INFO - 3082   | SITE-01-G1   | -66.9    |
2025-12-28 21:35:55 - INFO - 3083   | SITE-01-G1   | -67.0    |
2025-12-28 21:35:55 - INFO - 3084   | SITE-01-G1   | -67.0    |
2025-12-28 21:35:55 - INFO - 3085   | SITE-01-G1   | -67.1    |
2025-12-28 21:35:55 - INFO - 3086   | SITE-01-G1   | -67.1    |
2025-12-28 21:35:55 - INFO - 3087   | SITE-01-G1   | -67.2    |
2025-12-28 21:35:55 - INFO - 3088   | SITE-01-G1   | -67.2    |
2025-12-28 21:35:55 - INFO - 3089   | SITE-01-G1   | -67.3    |
2025-12-28 21:35:55 - INFO - 3090   | SITE-01-G1   | -67.3    |
2025-12-28 21:35:55 - INFO - 3091   | SITE-01-G1   | -67.4    |
2025-12-28 21:35:55 - INFO - 3092   | SITE-01-G1   | -67.4    |
2025-12-28 21:35:55 - INFO - 3093   | SITE-01-G1   | -67.5    |
2025-12-28 21:35:55 - INFO - 3094   | SITE-01-G1   | -67.6    |
2025-12-28 21:35:55 - INFO - 3095   | SITE-01-G1   | -67.6    |
2025-12-28 21:35:55 - INFO - 3096   | SITE-01-G1   | -67.7    |
2025-12-28 21:35:55 - INFO - 3097   | SITE-01-G1   | -67.7    |
2025-12-28 21:35:55 - INFO - 3098   | SITE-01-G1   | -67.8    |
2025-12-28 21:35:55 - INFO - 3099   | SITE-01-G1   | -67.8    |
2025-12-28 21:35:55 - INFO - 3100   | SITE-01-G1   | -67.9    |
2025-12-28 21:35:55 - INFO - 3101   | SITE-01-G1   | -68.0    |
2025-12-28 21:35:55 - INFO - 3102   | SITE-01-G1   | -68.0    |
2025-12-28 21:35:55 - INFO - 3103   | SITE-01-G1   | -68.1    |
2025-12-28 21:35:55 - INFO - 3104   | SITE-01-G1   | -68.1    |
2025-12-28 21:35:55 - INFO - 3105   | SITE-01-G1   | -68.2    |
2025-12-28 21:35:55 - INFO - 3106   | SITE-01-G1   | -68.3    |
2025-12-28 21:35:55 - INFO - 3107   | SITE-01-G1   | -68.3    |
2025-12-28 21:35:55 - INFO - 3108   | SITE-01-G1   | -68.4    |
2025-12-28 21:35:55 - INFO - 3109   | SITE-01-G1   | -68.4    |
2025-12-28 21:35:55 - INFO - 3110   | SITE-01-G1   | -68.4    |
2025-12-28 21:35:55 - INFO - 3111   | SITE-01-G1   | -68.5    |
2025-12-28 21:35:55 - INFO - 3112   | SITE-01-G1   | -68.5    |
2025-12-28 21:35:55 - INFO - 3113   | SITE-01-G1   | -68.6    |
2025-12-28 21:35:55 - INFO - 3114   | SITE-01-G1   | -68.7    |
2025-12-28 21:35:55 - INFO - 3115   | SITE-01-G1   | -68.7    |
2025-12-28 21:35:55 - INFO - 3116   | SITE-01-G1   | -68.7    |
2025-12-28 21:35:55 - INFO - 3117   | SITE-01-G1   | -68.8    |
2025-12-28 21:35:55 - INFO - 3118   | SITE-01-G1   | -68.8    |
2025-12-28 21:35:55 - INFO - 3119   | SITE-01-G1   | -68.9    |
2025-12-28 21:35:55 - INFO - 3120   | SITE-01-G1   | -68.9    |
2025-12-28 21:35:55 - INFO - 3121   | SITE-01-G1   | -69.0    |
2025-12-28 21:35:55 - INFO - 3122   | SITE-01-G1   | -69.0    |
2025-12-28 21:35:55 - INFO - 3123   | SITE-01-G1   | -69.1    |
2025-12-28 21:35:55 - INFO - 3124   | SITE-01-G1   | -69.1    |
2025-12-28 21:35:55 - INFO - 3125   | SITE-01-G1   | -69.2    |
2025-12-28 21:35:55 - INFO - 3126   | SITE-01-G1   | -69.3    |
2025-12-28 21:35:55 - INFO - 3127   | SITE-01-G1   | -69.3    |
2025-12-28 21:35:55 - INFO - 3128   | SITE-01-G1   | -69.4    |
2025-12-28 21:35:55 - INFO - 3129   | SITE-01-G1   | -69.4    |
2025-12-28 21:35:55 - INFO - 3130   | SITE-01-G1   | -69.4    |
2025-12-28 21:35:55 - INFO - 3131   | SITE-01-G1   | -69.5    |
2025-12-28 21:35:55 - INFO - 3132   | SITE-01-G1   | -69.5    |
2025-12-28 21:35:55 - INFO - 3133   | SITE-01-G1   | -69.6    |
2025-12-28 21:35:55 - INFO - 3134   | SITE-01-G1   | -69.6    |
2025-12-28 21:35:55 - INFO - 3135   | SITE-01-G1   | -69.6    |
2025-12-28 21:35:55 - INFO - 3136   | SITE-01-G1   | -69.7    |
2025-12-28 21:35:55 - INFO - 3137   | SITE-01-G1   | -69.7    |
2025-12-28 21:35:55 - INFO - 3138   | SITE-01-G1   | -69.8    |
2025-12-28 21:35:55 - INFO - 3139   | SITE-01-G1   | -69.8    |
2025-12-28 21:35:55 - INFO - 3140   | SITE-01-G1   | -69.9    |
2025-12-28 21:35:55 - INFO - 3141   | SITE-01-G1   | -70.0    |
2025-12-28 21:35:55 - INFO - 3142   | SITE-01-G1   | -70.0    |
2025-12-28 21:35:55 - INFO - 3143   | SITE-01-G1   | -70.0    |
2025-12-28 21:35:55 - INFO - 3144   | SITE-01-G1   | -70.0    |
2025-12-28 21:35:55 - INFO - 3145   | SITE-01-G1   | -70.1    |
2025-12-28 21:35:55 - INFO - 3146   | SITE-01-G1   | -70.1    |
2025-12-28 21:35:55 - INFO - 3147   | SITE-01-G1   | -70.2    |
2025-12-28 21:35:55 - INFO - 3148   | SITE-01-G1   | -70.2    |
2025-12-28 21:35:55 - INFO - 3149   | SITE-01-G1   | -70.3    |
2025-12-28 21:35:55 - INFO - 3150   | SITE-01-G1   | -70.3    |
2025-12-28 21:35:55 - INFO - 3151   | SITE-01-G1   | -70.4    |
2025-12-28 21:35:55 - INFO - 3152   | SITE-01-G1   | -70.4    |
2025-12-28 21:35:55 - INFO - 3153   | SITE-01-G1   | -70.5    |
2025-12-28 21:35:55 - INFO - 3154   | SITE-01-G1   | -70.5    |
2025-12-28 21:35:55 - INFO - 3155   | SITE-01-G1   | -70.5    |
2025-12-28 21:35:55 - INFO - 3156   | SITE-01-G1   | -70.5    |
2025-12-28 21:35:55 - INFO - 3157   | SITE-01-N1   | -70.6    | RESELECTION
2025-12-28 21:35:55 - INFO - 3205   | SITE-01-G1   | -72.4    |
2025-12-28 21:35:55 - INFO - 3206   | SITE-01-G1   | -72.4    |
2025-12-28 21:35:55 - INFO - 3207   | SITE-01-G1   | -72.5    |
2025-12-28 21:35:55 - INFO - 3208   | SITE-01-G1   | -72.5    |
2025-12-28 21:35:55 - INFO - 3209   | SITE-01-G1   | -72.6    |
2025-12-28 21:35:55 - INFO - 3210   | SITE-01-G1   | -72.6    |
2025-12-28 21:35:55 - INFO - 3211   | SITE-01-G1   | -72.6    |
2025-12-28 21:35:55 - INFO - 3212   | SITE-01-G1   | -72.6    |
2025-12-28 21:35:55 - INFO - 3213   | SITE-01-G1   | -72.7    |
2025-12-28 21:35:55 - INFO - 3214   | SITE-01-G1   | -72.7    |
2025-12-28 21:35:55 - INFO - 3215   | SITE-01-G1   | -72.8    |
2025-12-28 21:35:55 - INFO - 3216   | SITE-01-G1   | -72.8    |
2025-12-28 21:35:55 - INFO - 3217   | SITE-01-G1   | -72.8    |
2025-12-28 21:35:55 - INFO - 3218   | SITE-01-G1   | -72.8    |
2025-12-28 21:35:55 - INFO - 3219   | SITE-01-G1   | -72.9    |
2025-12-28 21:35:55 - INFO - 3220   | SITE-01-G1   | -72.9    |
2025-12-28 21:35:55 - INFO - 3221   | SITE-01-G1   | -72.9    |
2025-12-28 21:35:55 - INFO - 3222   | SITE-01-G1   | -73.0    |
2025-12-28 21:35:55 - INFO - 3223   | SITE-01-G1   | -73.0    |
2025-12-28 21:35:55 - INFO - 3224   | SITE-01-G1   | -73.0    |
2025-12-28 21:35:55 - INFO - 3225   | SITE-01-G1   | -73.1    |
2025-12-28 21:35:55 - INFO - 3226   | SITE-01-G1   | -73.1    |
2025-12-28 21:35:55 - INFO - 3227   | SITE-01-G1   | -73.1    |
2025-12-28 21:35:55 - INFO - 3228   | SITE-01-G1   | -73.2    |
2025-12-28 21:35:55 - INFO - 3229   | SITE-01-G1   | -73.2    |
2025-12-28 21:35:55 - INFO - 3230   | SITE-01-G1   | -73.2    |
2025-12-28 21:35:55 - INFO - 3231   | SITE-01-G1   | -73.1    |
2025-12-28 21:35:55 - INFO - 3232   | SITE-01-G1   | -73.1    |
2025-12-28 21:35:55 - INFO - 3233   | SITE-01-G1   | -73.0    |
2025-12-28 21:35:55 - INFO - 3234   | SITE-01-G1   | -73.0    |
2025-12-28 21:35:55 - INFO - 3235   | SITE-01-G1   | -72.9    |
2025-12-28 21:35:55 - INFO - 3236   | SITE-01-G1   | -72.8    |
2025-12-28 21:35:55 - INFO - 3237   | SITE-01-G1   | -72.7    |
2025-12-28 21:35:55 - INFO - 3238   | SITE-01-G1   | -72.7    |
2025-12-28 21:35:55 - INFO - 3239   | SITE-01-G1   | -72.6    |
2025-12-28 21:35:55 - INFO - 3240   | SITE-01-G1   | -72.5    |
2025-12-28 21:35:55 - INFO - 3241   | SITE-01-G1   | -72.5    |
2025-12-28 21:35:55 - INFO - 3242   | SITE-01-G1   | -72.4    |
2025-12-28 21:35:55 - INFO - 3243   | SITE-01-G1   | -72.3    |
2025-12-28 21:35:55 - INFO - 3244   | SITE-01-G1   | -72.2    |
2025-12-28 21:35:55 - INFO - 3245   | SITE-01-G1   | -72.2    |
2025-12-28 21:35:55 - INFO - 3246   | SITE-01-G1   | -72.1    |
2025-12-28 21:35:55 - INFO - 3247   | SITE-01-G1   | -72.0    |
2025-12-28 21:35:55 - INFO - 3248   | SITE-01-G1   | -71.9    |
2025-12-28 21:35:55 - INFO - 3249   | SITE-01-G1   | -71.9    |
2025-12-28 21:35:55 - INFO - 3250   | SITE-01-G1   | -71.8    |
2025-12-28 21:35:55 - INFO - 3251   | SITE-01-G1   | -71.7    |
2025-12-28 21:35:55 - INFO - 3252   | SITE-01-G1   | -71.7    |
2025-12-28 21:35:55 - INFO - 3253   | SITE-01-G1   | -71.6    |
2025-12-28 21:35:55 - INFO - 3254   | SITE-01-G1   | -71.5    |
2025-12-28 21:35:55 - INFO - 3255   | SITE-01-G1   | -71.5    |
2025-12-28 21:35:55 - INFO - 3256   | SITE-01-G1   | -71.4    |
2025-12-28 21:35:55 - INFO - 3257   | SITE-01-G1   | -71.3    |
2025-12-28 21:35:55 - INFO - 3258   | SITE-01-G1   | -71.2    |
2025-12-28 21:35:55 - INFO - 3259   | SITE-01-G1   | -71.2    |
2025-12-28 21:35:55 - INFO - 3260   | SITE-01-G1   | -71.1    |
2025-12-28 21:35:55 - INFO - 3261   | SITE-01-G1   | -71.0    |
2025-12-28 21:35:55 - INFO - 3262   | SITE-01-G1   | -71.0    |
2025-12-28 21:35:55 - INFO - 3263   | SITE-01-G1   | -70.9    |
2025-12-28 21:35:55 - INFO - 3264   | SITE-01-G1   | -70.8    |
2025-12-28 21:35:55 - INFO - 3265   | SITE-01-G1   | -70.8    |
2025-12-28 21:35:55 - INFO - 3266   | SITE-01-G1   | -70.7    |
2025-12-28 21:35:55 - INFO - 3267   | SITE-01-G1   | -70.6    |
2025-12-28 21:35:55 - INFO - 3268   | SITE-01-G1   | -70.6    |
2025-12-28 21:35:55 - INFO - 3269   | SITE-01-G1   | -70.5    |
2025-12-28 21:35:55 - INFO - 3270   | SITE-01-G1   | -70.4    |
2025-12-28 21:35:55 - INFO - 3271   | SITE-01-G1   | -70.3    |
2025-12-28 21:35:55 - INFO - 3272   | SITE-01-G1   | -70.3    |
2025-12-28 21:35:55 - INFO - 3273   | SITE-01-G1   | -70.2    |
2025-12-28 21:35:55 - INFO - 3274   | SITE-01-G1   | -70.1    |
2025-12-28 21:35:55 - INFO - 3275   | SITE-01-G1   | -70.1    |
2025-12-28 21:35:55 - INFO - 3276   | SITE-01-G1   | -70.0    |
2025-12-28 21:35:55 - INFO - 3277   | SITE-01-G1   | -69.9    |
2025-12-28 21:35:55 - INFO - 3278   | SITE-01-G1   | -69.9    |
2025-12-28 21:35:55 - INFO - 3279   | SITE-01-G1   | -69.8    |
2025-12-28 21:35:55 - INFO - 3280   | SITE-01-G1   | -69.7    |
2025-12-28 21:35:55 - INFO - 3281   | SITE-01-G1   | -69.7    |
2025-12-28 21:35:55 - INFO - 3282   | SITE-01-G1   | -69.6    |
2025-12-28 21:35:55 - INFO - 3283   | SITE-01-G1   | -69.5    |
2025-12-28 21:35:55 - INFO - 3284   | SITE-01-G1   | -69.5    |
2025-12-28 21:35:55 - INFO - 3285   | SITE-01-G1   | -69.4    |
2025-12-28 21:35:55 - INFO - 3286   | SITE-01-G1   | -69.3    |
2025-12-28 21:35:55 - INFO - 3287   | SITE-01-G1   | -69.3    |
2025-12-28 21:35:55 - INFO - 3288   | SITE-01-G1   | -69.2    |
2025-12-28 21:35:55 - INFO - 3289   | SITE-01-G1   | -69.1    |
2025-12-28 21:35:55 - INFO - 3290   | SITE-01-G1   | -69.1    |
2025-12-28 21:35:55 - INFO - 3291   | SITE-01-G1   | -69.0    |
2025-12-28 21:35:55 - INFO - 3292   | SITE-01-G1   | -68.9    |
2025-12-28 21:35:55 - INFO - 3293   | SITE-01-G1   | -68.9    |
2025-12-28 21:35:55 - INFO - 3294   | SITE-01-G1   | -68.8    |
2025-12-28 21:35:55 - INFO - 3295   | SITE-01-G1   | -68.7    |
2025-12-28 21:35:55 - INFO - 3296   | SITE-01-G1   | -68.7    |
2025-12-28 21:35:55 - INFO - 3297   | SITE-01-G1   | -68.6    |
2025-12-28 21:35:55 - INFO - 3298   | SITE-01-G1   | -68.6    |
2025-12-28 21:35:55 - INFO - 3299   | SITE-01-G1   | -68.5    |
2025-12-28 21:35:55 - INFO - 3300   | SITE-01-G1   | -68.4    |
2025-12-28 21:35:55 - INFO - 3301   | SITE-01-G1   | -68.3    |
2025-12-28 21:35:55 - INFO - 3302   | SITE-01-G1   | -68.3    |
2025-12-28 21:35:55 - INFO - 3303   | SITE-01-G1   | -68.2    |
2025-12-28 21:35:55 - INFO - 3304   | SITE-01-G1   | -68.1    |
2025-12-28 21:35:55 - INFO - 3305   | SITE-01-G1   | -68.1    |
2025-12-28 21:35:55 - INFO - 3306   | SITE-01-G1   | -68.0    |
2025-12-28 21:35:55 - INFO - 3307   | SITE-01-G1   | -68.0    |
2025-12-28 21:35:55 - INFO - 3308   | SITE-01-G1   | -67.9    |
2025-12-28 21:35:55 - INFO - 3309   | SITE-01-G1   | -67.8    |
2025-12-28 21:35:55 - INFO - 3310   | SITE-01-G1   | -67.8    |
2025-12-28 21:35:55 - INFO - 3311   | SITE-01-G1   | -67.7    |
2025-12-28 21:35:55 - INFO - 3312   | SITE-01-G1   | -67.6    |
2025-12-28 21:35:55 - INFO - 3313   | SITE-01-G1   | -67.6    |
2025-12-28 21:35:55 - INFO - 3314   | SITE-01-G1   | -67.5    |
2025-12-28 21:35:55 - INFO - 3315   | SITE-01-G1   | -67.5    |
2025-12-28 21:35:55 - INFO - 3316   | SITE-01-G1   | -67.4    |
2025-12-28 21:35:55 - INFO - 3317   | SITE-01-G1   | -67.3    |
2025-12-28 21:35:55 - INFO - 3318   | SITE-01-G1   | -67.3    |
2025-12-28 21:35:55 - INFO - 3319   | SITE-01-G1   | -67.2    |
2025-12-28 21:35:55 - INFO - 3320   | SITE-01-G1   | -67.1    |
2025-12-28 21:35:55 - INFO - 3321   | SITE-01-G1   | -67.0    |
2025-12-28 21:35:55 - INFO - 3322   | SITE-01-G1   | -67.0    |
2025-12-28 21:35:55 - INFO - 3323   | SITE-01-G1   | -66.9    |
2025-12-28 21:35:55 - INFO - 3324   | SITE-01-G1   | -66.9    |
2025-12-28 21:35:55 - INFO - 3325   | SITE-01-G1   | -66.8    |
2025-12-28 21:35:55 - INFO - 3326   | SITE-01-G1   | -66.8    |
2025-12-28 21:35:55 - INFO - 3327   | SITE-01-G1   | -66.7    |
2025-12-28 21:35:55 - INFO - 3328   | SITE-01-G1   | -66.6    |
2025-12-28 21:35:55 - INFO - 3329   | SITE-01-G1   | -66.6    |
2025-12-28 21:35:55 - INFO - 3330   | SITE-01-G1   | -66.5    |
2025-12-28 21:35:55 - INFO - 3331   | SITE-01-G1   | -66.5    |
2025-12-28 21:35:55 - INFO - 3332   | SITE-01-G1   | -66.4    |
2025-12-28 21:35:55 - INFO - 3333   | SITE-01-G1   | -66.3    |
2025-12-28 21:35:55 - INFO - 3334   | SITE-01-G1   | -66.3    |
2025-12-28 21:35:55 - INFO - 3335   | SITE-01-G1   | -66.2    |
2025-12-28 21:35:55 - INFO - 3336   | SITE-01-G1   | -66.1    |
2025-12-28 21:35:55 - INFO - 3337   | SITE-01-G1   | -66.1    |
2025-12-28 21:35:55 - INFO - 3338   | SITE-01-G1   | -66.0    |
2025-12-28 21:35:55 - INFO - 3339   | SITE-01-G1   | -66.0    |
2025-12-28 21:35:55 - INFO - 3340   | SITE-01-G1   | -65.9    |
2025-12-28 21:35:55 - INFO - 3341   | SITE-01-G1   | -65.9    |
2025-12-28 21:35:55 - INFO - 3342   | SITE-01-G1   | -65.8    |
2025-12-28 21:35:55 - INFO - 3343   | SITE-01-G1   | -65.8    |
2025-12-28 21:35:55 - INFO - 3344   | SITE-01-G1   | -65.7    |
2025-12-28 21:35:55 - INFO - 3345   | SITE-01-G1   | -65.6    |
2025-12-28 21:35:55 - INFO - 3346   | SITE-01-G1   | -65.6    |
2025-12-28 21:35:55 - INFO - 3347   | SITE-01-G1   | -65.5    |
2025-12-28 21:35:55 - INFO - 3348   | SITE-01-G1   | -65.5    |
2025-12-28 21:35:55 - INFO - 3349   | SITE-01-G1   | -65.4    |
2025-12-28 21:35:55 - INFO - 3350   | SITE-01-G1   | -65.4    |
2025-12-28 21:35:55 - INFO - 3351   | SITE-01-G1   | -65.3    |
2025-12-28 21:35:55 - INFO - 3352   | SITE-01-G1   | -65.2    |
2025-12-28 21:35:55 - INFO - 3353   | SITE-01-G1   | -65.2    |
2025-12-28 21:35:55 - INFO - 3354   | SITE-01-G1   | -65.1    |
2025-12-28 21:35:55 - INFO - 3355   | SITE-01-G1   | -65.1    |
2025-12-28 21:35:55 - INFO - 3356   | SITE-01-G1   | -65.0    |
2025-12-28 21:35:55 - INFO - 3357   | SITE-01-G1   | -65.0    |
2025-12-28 21:35:55 - INFO - 3358   | SITE-01-G1   | -64.9    |
2025-12-28 21:35:55 - INFO - 3359   | SITE-01-G1   | -64.8    |
2025-12-28 21:35:55 - INFO - 3360   | SITE-01-G1   | -64.8    |
2025-12-28 21:35:55 - INFO - 3361   | SITE-01-G1   | -64.7    |
2025-12-28 21:35:55 - INFO - 3362   | SITE-01-G1   | -64.7    |
2025-12-28 21:35:55 - INFO - 3363   | SITE-01-G1   | -64.6    |
2025-12-28 21:35:55 - INFO - 3364   | SITE-01-G1   | -64.6    |
2025-12-28 21:35:55 - INFO - 3365   | SITE-01-G1   | -64.5    |
2025-12-28 21:35:55 - INFO - 3366   | SITE-01-G1   | -64.5    |
2025-12-28 21:35:55 - INFO - 3367   | SITE-01-G1   | -64.4    |
2025-12-28 21:35:55 - INFO - 3368   | SITE-01-G1   | -64.4    |
2025-12-28 21:35:55 - INFO - 3369   | SITE-01-G1   | -64.3    |
2025-12-28 21:35:55 - INFO - 3370   | SITE-01-G1   | -64.3    |
2025-12-28 21:35:55 - INFO - 3371   | SITE-01-G1   | -64.2    |
2025-12-28 21:35:55 - INFO - 3372   | SITE-01-G1   | -64.2    |
2025-12-28 21:35:55 - INFO - 3373   | SITE-01-G1   | -64.1    |
2025-12-28 21:35:55 - INFO - 3374   | SITE-01-G1   | -64.1    |
2025-12-28 21:35:55 - INFO - 3375   | SITE-01-G1   | -64.0    |
2025-12-28 21:35:55 - INFO - 3376   | SITE-01-G1   | -64.0    |
2025-12-28 21:35:55 - INFO - 3377   | SITE-01-G1   | -63.9    |
2025-12-28 21:35:55 - INFO - 3378   | SITE-01-G1   | -63.9    |
2025-12-28 21:35:55 - INFO - 3379   | SITE-01-G1   | -63.8    |
2025-12-28 21:35:55 - INFO - 3380   | SITE-01-G1   | -63.8    |
2025-12-28 21:35:55 - INFO - 3381   | SITE-01-G1   | -63.8    |
2025-12-28 21:35:55 - INFO - 3382   | SITE-01-G1   | -63.7    |
2025-12-28 21:35:55 - INFO - 3383   | SITE-01-G1   | -63.6    |
2025-12-28 21:35:55 - INFO - 3384   | SITE-01-G1   | -63.6    |
2025-12-28 21:35:55 - INFO - 3385   | SITE-01-G1   | -63.5    |
2025-12-28 21:35:55 - INFO - 3386   | SITE-01-G1   | -63.5    |
2025-12-28 21:35:55 - INFO - 3387   | SITE-01-G1   | -63.4    |
2025-12-28 21:35:55 - INFO - 3388   | SITE-01-G1   | -63.4    |
2025-12-28 21:35:55 - INFO - 3389   | SITE-01-G1   | -63.4    |
2025-12-28 21:35:55 - INFO - 3390   | SITE-01-G1   | -63.3    |
2025-12-28 21:35:55 - INFO - 3391   | SITE-01-G1   | -63.3    |
2025-12-28 21:35:55 - INFO - 3392   | SITE-01-G1   | -63.2    |
2025-12-28 21:35:55 - INFO - 3393   | SITE-01-G1   | -63.2    |
2025-12-28 21:35:55 - INFO - 3394   | SITE-01-G1   | -63.1    |
2025-12-28 21:35:55 - INFO - 3395   | SITE-01-G1   | -63.1    |
2025-12-28 21:35:55 - INFO - 3396   | SITE-01-G1   | -63.1    |
2025-12-28 21:35:55 - INFO - 3397   | SITE-01-G1   | -63.0    |
2025-12-28 21:35:55 - INFO - 3398   | SITE-01-G1   | -63.0    |
2025-12-28 21:35:55 - INFO - 3399   | SITE-01-G1   | -62.9    |
2025-12-28 21:35:55 - INFO - 3400   | SITE-01-G1   | -62.9    |
2025-12-28 21:35:55 - INFO - 3401   | SITE-01-G1   | -62.8    |
2025-12-28 21:35:55 - INFO - 3402   | SITE-01-G1   | -62.8    |
2025-12-28 21:35:55 - INFO - 3403   | SITE-01-G1   | -62.8    |
2025-12-28 21:35:55 - INFO - 3404   | SITE-01-G1   | -62.7    |
2025-12-28 21:35:55 - INFO - 3405   | SITE-01-G1   | -62.7    |
2025-12-28 21:35:55 - INFO - 3406   | SITE-01-G1   | -62.6    |
2025-12-28 21:35:55 - INFO - 3407   | SITE-01-G1   | -62.6    |
2025-12-28 21:35:55 - INFO - 3408   | SITE-01-G1   | -62.5    |
2025-12-28 21:35:55 - INFO - 3409   | SITE-01-G1   | -62.5    |
2025-12-28 21:35:55 - INFO - 3410   | SITE-01-G1   | -62.5    |
2025-12-28 21:35:55 - INFO - 3411   | SITE-01-G1   | -62.4    |
2025-12-28 21:35:55 - INFO - 3412   | SITE-01-G1   | -62.4    |
2025-12-28 21:35:55 - INFO - 3413   | SITE-01-G1   | -62.4    |
2025-12-28 21:35:55 - INFO - 3414   | SITE-01-G1   | -62.3    |
2025-12-28 21:35:55 - INFO - 3415   | SITE-01-G1   | -62.3    |
2025-12-28 21:35:55 - INFO - 3416   | SITE-01-G1   | -62.2    |
2025-12-28 21:35:55 - INFO - 3417   | SITE-01-G1   | -62.2    |
2025-12-28 21:35:55 - INFO - 3418   | SITE-01-G1   | -62.2    |
2025-12-28 21:35:55 - INFO - 3419   | SITE-01-G1   | -62.1    |
2025-12-28 21:35:55 - INFO - 3420   | SITE-01-G1   | -62.1    |
2025-12-28 21:35:55 - INFO - 3421   | SITE-01-G1   | -62.0    |
2025-12-28 21:35:55 - INFO - 3422   | SITE-01-G1   | -62.0    |
2025-12-28 21:35:55 - INFO - 3423   | SITE-01-G1   | -61.9    |
2025-12-28 21:35:55 - INFO - 3424   | SITE-01-G1   | -61.9    |
2025-12-28 21:35:55 - INFO - 3425   | SITE-01-G1   | -61.8    |
2025-12-28 21:35:55 - INFO - 3426   | SITE-01-G1   | -61.8    |
2025-12-28 21:35:55 - INFO - 3427   | SITE-01-G1   | -61.7    |
2025-12-28 21:35:55 - INFO - 3428   | SITE-01-G1   | -61.7    |
2025-12-28 21:35:55 - INFO - 3429   | SITE-01-G1   | -61.6    |
2025-12-28 21:35:55 - INFO - 3430   | SITE-01-G1   | -61.6    |
2025-12-28 21:35:55 - INFO - 3431   | SITE-01-G1   | -61.6    |
2025-12-28 21:35:55 - INFO - 3432   | SITE-01-G1   | -61.5    |
2025-12-28 21:35:55 - INFO - 3433   | SITE-01-G1   | -61.5    |
2025-12-28 21:35:55 - INFO - 3434   | SITE-01-G1   | -61.4    |
2025-12-28 21:35:55 - INFO - 3435   | SITE-01-G1   | -61.4    |
2025-12-28 21:35:55 - INFO - 3436   | SITE-01-G1   | -61.3    |
2025-12-28 21:35:55 - INFO - 3437   | SITE-01-G1   | -61.3    |
2025-12-28 21:35:55 - INFO - 3438   | SITE-01-G1   | -61.2    |
2025-12-28 21:35:55 - INFO - 3439   | SITE-01-G1   | -61.2    |
2025-12-28 21:35:55 - INFO - 3440   | SITE-01-G1   | -61.1    |
2025-12-28 21:35:55 - INFO - 3441   | SITE-01-G1   | -61.1    |
2025-12-28 21:35:55 - INFO - 3442   | SITE-01-G1   | -61.0    |
2025-12-28 21:35:55 - INFO - 3443   | SITE-01-G1   | -61.0    |
2025-12-28 21:35:55 - INFO - 3444   | SITE-01-G1   | -60.9    |
2025-12-28 21:35:55 - INFO - 3445   | SITE-01-G1   | -60.9    |
2025-12-28 21:35:55 - INFO - 3446   | SITE-01-G1   | -60.8    |
2025-12-28 21:35:55 - INFO - 3447   | SITE-01-G1   | -60.8    |
2025-12-28 21:35:55 - INFO - 3448   | SITE-01-G1   | -60.7    |
2025-12-28 21:35:55 - INFO - 3449   | SITE-01-G1   | -60.7    |
2025-12-28 21:35:55 - INFO - 3450   | SITE-01-G1   | -60.6    |
2025-12-28 21:35:55 - INFO - 3451   | SITE-01-G1   | -60.6    |
2025-12-28 21:35:55 - INFO - 3452   | SITE-01-G1   | -60.5    |
2025-12-28 21:35:55 - INFO - 3453   | SITE-01-G1   | -60.5    |
2025-12-28 21:35:55 - INFO - 3454   | SITE-01-G1   | -60.4    |
2025-12-28 21:35:55 - INFO - 3455   | SITE-01-G1   | -60.4    |
2025-12-28 21:35:55 - INFO - 3456   | SITE-01-G1   | -60.4    |
2025-12-28 21:35:55 - INFO - 3457   | SITE-01-G1   | -60.3    |
2025-12-28 21:35:55 - INFO - 3458   | SITE-01-G1   | -60.3    |
2025-12-28 21:35:55 - INFO - 3459   | SITE-01-G1   | -60.2    |
2025-12-28 21:35:55 - INFO - 3460   | SITE-01-G1   | -60.2    |
2025-12-28 21:35:55 - INFO - 3461   | SITE-01-G1   | -60.1    |
2025-12-28 21:35:55 - INFO - 3462   | SITE-01-G1   | -60.1    |
2025-12-28 21:35:55 - INFO - 3463   | SITE-01-G1   | -60.0    |
2025-12-28 21:35:55 - INFO - 3464   | SITE-01-G1   | -59.9    |
2025-12-28 21:35:55 - INFO - 3465   | SITE-01-G1   | -59.9    |
2025-12-28 21:35:55 - INFO - 3466   | SITE-01-G1   | -59.8    |
2025-12-28 21:35:55 - INFO - 3467   | SITE-01-G1   | -59.8    |
2025-12-28 21:35:55 - INFO - 3468   | SITE-01-G1   | -59.7    |
2025-12-28 21:35:55 - INFO - 3469   | SITE-01-G1   | -59.7    |
2025-12-28 21:35:55 - INFO - 3470   | SITE-01-G1   | -59.7    |
2025-12-28 21:35:55 - INFO - 3471   | SITE-01-G1   | -59.6    |
2025-12-28 21:35:55 - INFO - 3472   | SITE-01-G1   | -59.6    |
2025-12-28 21:35:55 - INFO - 3473   | SITE-01-G1   | -59.5    |
2025-12-28 21:35:55 - INFO - 3474   | SITE-01-G1   | -59.5    |
2025-12-28 21:35:55 - INFO - 3475   | SITE-01-G1   | -59.4    |
2025-12-28 21:35:55 - INFO - 3476   | SITE-01-G1   | -59.4    |
2025-12-28 21:35:55 - INFO - 3477   | SITE-01-G1   | -59.3    |
2025-12-28 21:35:55 - INFO - 3478   | SITE-01-G1   | -59.3    |
2025-12-28 21:35:55 - INFO - 3479   | SITE-01-G1   | -59.2    |
2025-12-28 21:35:55 - INFO - 3480   | SITE-01-G1   | -59.2    |
2025-12-28 21:35:55 - INFO - 3481   | SITE-01-G1   | -59.1    |
2025-12-28 21:35:55 - INFO - 3482   | SITE-01-G1   | -59.1    |
2025-12-28 21:35:55 - INFO - 3483   | SITE-01-G1   | -59.0    |
2025-12-28 21:35:55 - INFO - 3484   | SITE-01-G1   | -59.0    |
2025-12-28 21:35:55 - INFO - 3485   | SITE-01-G1   | -58.9    |
2025-12-28 21:35:55 - INFO - 3486   | SITE-01-G1   | -58.9    |
2025-12-28 21:35:55 - INFO - 3487   | SITE-01-G1   | -58.8    |
2025-12-28 21:35:55 - INFO - 3488   | SITE-01-G1   | -58.8    |
2025-12-28 21:35:55 - INFO - 3489   | SITE-01-G1   | -58.7    |
2025-12-28 21:35:55 - INFO - 3490   | SITE-01-G1   | -58.7    |
2025-12-28 21:35:55 - INFO - 3491   | SITE-01-G1   | -58.6    |
2025-12-28 21:35:55 - INFO - 3492   | SITE-01-G1   | -58.6    |
2025-12-28 21:35:55 - INFO - 3493   | SITE-01-G1   | -58.5    |
2025-12-28 21:35:55 - INFO - 3494   | SITE-01-G1   | -58.5    |
2025-12-28 21:35:55 - INFO - 3495   | SITE-01-G1   | -58.4    |
2025-12-28 21:35:55 - INFO - 3496   | SITE-01-G1   | -58.4    |
2025-12-28 21:35:55 - INFO - 3497   | SITE-01-G1   | -58.3    |
2025-12-28 21:35:55 - INFO - 3498   | SITE-01-G1   | -58.3    |
2025-12-28 21:35:55 - INFO - 3499   | SITE-01-G1   | -58.2    |
2025-12-28 21:35:55 - INFO - 3500   | SITE-01-G1   | -58.2    |
2025-12-28 21:35:55 - INFO - 3501   | SITE-01-G1   | -58.2    |
2025-12-28 21:35:55 - INFO - 3502   | SITE-01-G1   | -58.1    |
2025-12-28 21:35:55 - INFO - 3503   | SITE-01-G1   | -58.0    |
2025-12-28 21:35:55 - INFO - 3504   | SITE-01-G1   | -58.0    |
2025-12-28 21:35:55 - INFO - 3505   | SITE-01-G1   | -57.9    |
2025-12-28 21:35:55 - INFO - 3506   | SITE-01-G1   | -57.9    |
2025-12-28 21:35:55 - INFO - 3507   | SITE-01-G1   | -57.9    |
2025-12-28 21:35:55 - INFO - 3508   | SITE-01-G1   | -57.8    |
2025-12-28 21:35:55 - INFO - 3509   | SITE-01-G1   | -57.8    |
2025-12-28 21:35:55 - INFO - 3510   | SITE-01-G1   | -57.7    |
2025-12-28 21:35:55 - INFO - 3511   | SITE-01-G1   | -57.6    |
2025-12-28 21:35:55 - INFO - 3512   | SITE-01-G1   | -57.6    |
2025-12-28 21:35:55 - INFO - 3513   | SITE-01-G1   | -57.5    |
2025-12-28 21:35:55 - INFO - 3514   | SITE-01-G1   | -57.5    |
2025-12-28 21:35:55 - INFO - 3515   | SITE-01-G1   | -57.5    |
2025-12-28 21:35:55 - INFO - 3516   | SITE-01-G1   | -57.4    |
2025-12-28 21:35:55 - INFO - 3517   | SITE-01-G1   | -57.4    |
2025-12-28 21:35:55 - INFO - 3518   | SITE-01-G1   | -57.3    |
2025-12-28 21:35:55 - INFO - 3519   | SITE-01-G1   | -57.3    |
2025-12-28 21:35:55 - INFO - 3520   | SITE-01-G1   | -57.2    |
2025-12-28 21:35:55 - INFO - 3521   | SITE-01-G1   | -57.2    |
2025-12-28 21:35:55 - INFO - 3522   | SITE-01-G1   | -57.1    |
2025-12-28 21:35:55 - INFO - 3523   | SITE-01-G1   | -57.1    |
2025-12-28 21:35:55 - INFO - 3524   | SITE-01-G1   | -57.0    |
2025-12-28 21:35:55 - INFO - 3525   | SITE-01-G1   | -57.0    |
2025-12-28 21:35:55 - INFO - 3526   | SITE-01-G1   | -56.9    |
2025-12-28 21:35:55 - INFO - 3527   | SITE-01-G1   | -56.9    |
2025-12-28 21:35:55 - INFO - 3528   | SITE-01-G1   | -56.9    |
2025-12-28 21:35:55 - INFO - 3529   | SITE-01-G1   | -56.8    |
2025-12-28 21:35:55 - INFO - 3530   | SITE-01-G1   | -56.8    |
2025-12-28 21:35:55 - INFO - 3531   | SITE-01-G1   | -56.7    |
2025-12-28 21:35:55 - INFO - 3532   | SITE-01-G1   | -56.7    |
2025-12-28 21:35:55 - INFO - 3533   | SITE-01-G1   | -56.6    |
2025-12-28 21:35:55 - INFO - 3534   | SITE-01-G1   | -56.6    |
2025-12-28 21:35:55 - INFO - 3535   | SITE-01-G1   | -56.6    |
2025-12-28 21:35:55 - INFO - 3536   | SITE-01-G1   | -56.5    |
2025-12-28 21:35:55 - INFO - 3537   | SITE-01-G1   | -56.5    |
2025-12-28 21:35:55 - INFO - 3538   | SITE-01-G1   | -56.4    |
2025-12-28 21:35:55 - INFO - 3539   | SITE-01-G1   | -56.4    |
2025-12-28 21:35:55 - INFO - 3540   | SITE-01-G1   | -56.3    |
2025-12-28 21:35:55 - INFO - 3541   | SITE-01-G1   | -56.3    |
2025-12-28 21:35:55 - INFO - 3542   | SITE-01-G1   | -56.2    |
2025-12-28 21:35:55 - INFO - 3543   | SITE-01-G1   | -56.2    |
2025-12-28 21:35:55 - INFO - 3544   | SITE-01-G1   | -56.1    |
2025-12-28 21:35:55 - INFO - 3545   | SITE-01-G1   | -56.1    |
2025-12-28 21:35:55 - INFO - 3546   | SITE-01-G1   | -56.1    |
2025-12-28 21:35:55 - INFO - 3547   | SITE-01-G1   | -56.0    |
2025-12-28 21:35:55 - INFO - 3548   | SITE-01-G1   | -56.0    |
2025-12-28 21:35:55 - INFO - 3549   | SITE-01-G1   | -55.9    |
2025-12-28 21:35:55 - INFO - 3550   | SITE-01-G1   | -55.9    |
2025-12-28 21:35:55 - INFO - 3551   | SITE-01-G1   | -55.8    |
2025-12-28 21:35:55 - INFO - 3552   | SITE-01-N1   | -55.8    | RESELECTION
2025-12-28 21:35:55 - INFO - 3553   | SITE-01-G1   | -55.8    |
2025-12-28 21:35:55 - INFO - 3554   | SITE-01-G1   | -55.7    |
2025-12-28 21:35:55 - INFO - 3555   | SITE-01-G1   | -55.7    |
2025-12-28 21:35:55 - INFO - 3556   | SITE-01-G1   | -55.7    |
2025-12-28 21:35:55 - INFO - 3557   | SITE-01-G1   | -55.6    |
2025-12-28 21:35:55 - INFO - 3558   | SITE-01-G1   | -55.6    |
2025-12-28 21:35:55 - INFO - 3559   | SITE-01-G1   | -55.6    |
2025-12-28 21:35:55 - INFO - 3560   | SITE-01-G1   | -55.5    |
2025-12-28 21:35:55 - INFO - 3561   | SITE-01-G1   | -55.5    |
2025-12-28 21:35:55 - INFO - 3562   | SITE-01-G1   | -55.4    |
2025-12-28 21:35:55 - INFO - 3563   | SITE-01-G1   | -55.4    |
2025-12-28 21:35:55 - INFO - 3564   | SITE-01-G1   | -55.3    |
2025-12-28 21:35:55 - INFO - 3565   | SITE-01-G1   | -55.3    |
2025-12-28 21:35:55 - INFO - 3566   | SITE-01-G1   | -55.3    |
2025-12-28 21:35:55 - INFO - 3567   | SITE-01-G1   | -55.3    |
2025-12-28 21:35:55 - INFO - 3568   | SITE-01-G1   | -55.2    |
2025-12-28 21:35:55 - INFO - 3569   | SITE-01-G1   | -55.2    |
2025-12-28 21:35:55 - INFO - 3570   | SITE-01-G1   | -55.1    |
2025-12-28 21:35:55 - INFO - 3571   | SITE-01-G1   | -55.1    |
2025-12-28 21:35:55 - INFO - 3572   | SITE-01-G1   | -55.1    |
2025-12-28 21:35:55 - INFO - 3573   | SITE-01-G1   | -55.1    |
2025-12-28 21:35:55 - INFO - 3574   | SITE-01-G1   | -55.0    |
2025-12-28 21:35:55 - INFO - 3575   | SITE-01-G1   | -55.0    |
2025-12-28 21:35:55 - INFO - 3576   | SITE-01-G1   | -54.9    |
2025-12-28 21:35:55 - INFO - 3577   | SITE-01-G1   | -54.9    |
2025-12-28 21:35:55 - INFO - 3578   | SITE-01-G1   | -54.9    |
2025-12-28 21:35:55 - INFO - 3579   | SITE-01-G1   | -54.9    |
2025-12-28 21:35:55 - INFO - 3580   | SITE-01-G1   | -54.8    |
2025-12-28 21:35:55 - INFO - 3581   | SITE-01-G1   | -54.8    |
2025-12-28 21:35:55 - INFO - 3582   | SITE-01-G1   | -54.8    |
2025-12-28 21:35:55 - INFO - 3583   | SITE-01-G1   | -54.7    |
2025-12-28 21:35:55 - INFO - 3584   | SITE-01-G1   | -54.7    |
2025-12-28 21:35:55 - INFO - 3585   | SITE-01-G1   | -54.7    |
2025-12-28 21:35:55 - INFO - 3586   | SITE-01-G1   | -54.6    |
2025-12-28 21:35:55 - INFO - 3587   | SITE-01-G1   | -54.6    |
2025-12-28 21:35:55 - INFO - 3588   | SITE-01-G1   | -54.6    |
2025-12-28 21:35:55 - INFO - 3589   | SITE-01-G1   | -54.6    |
2025-12-28 21:35:55 - INFO - 3590   | SITE-01-G1   | -54.5    |
2025-12-28 21:35:55 - INFO - 3591   | SITE-01-G1   | -54.5    |
2025-12-28 21:35:55 - INFO - 3592   | SITE-01-G1   | -54.5    |
2025-12-28 21:35:55 - INFO - 3593   | SITE-01-G1   | -54.5    |
2025-12-28 21:35:55 - INFO - 3594   | SITE-01-G1   | -54.4    |
2025-12-28 21:35:55 - INFO - 3595   | SITE-01-G1   | -54.4    |
2025-12-28 21:35:55 - INFO - 3596   | SITE-01-G1   | -54.4    |
2025-12-28 21:35:55 - INFO - 3597   | SITE-01-G1   | -54.4    |
2025-12-28 21:35:55 - INFO - 3598   | SITE-01-G1   | -54.4    |
2025-12-28 21:35:55 - INFO - 3599   | SITE-01-G1   | -54.3    |
